issue_id,gene,location,issue_type,evidence,next_step,owner,status,response
I0001,ABCC6,Fulgent原始,參考基因未找到,精確／HGNC 舊名比對均未找到,保留缺值；不以其他疾病頻率替代,GC,待處理,
I0002,ABCG5,Fulgent原始,參考基因未找到,精確／HGNC 舊名比對均未找到,保留缺值；不以其他疾病頻率替代,GC,待處理,
I0003,ABCG8,Fulgent原始,參考基因未找到,精確／HGNC 舊名比對均未找到,保留缺值；不以其他疾病頻率替代,GC,待處理,
I0004,ABHD12,Fulgent原始,參考基因未找到,精確／HGNC 舊名比對均未找到,保留缺值；不以其他疾病頻率替代,GC,待處理,
I0005,ADAM9,Fulgent原始,參考基因未找到,精確／HGNC 舊名比對均未找到,保留缺值；不以其他疾病頻率替代,GC,待處理,
I0006,ADAMTS13,Fulgent原始,參考基因未找到,精確／HGNC 舊名比對均未找到,保留缺值；不以其他疾病頻率替代,GC,待處理,
I0007,ARSL,Fulgent原始,新舊名稱已核實,ARSE → ARSL,保留原符號；以 HGNC ID 連接，疾病另審,GC,名稱已核實,
I0008,CCN6,Fulgent原始,新舊名稱已核實,WISP3 → CCN6,保留原符號；以 HGNC ID 連接，疾病另審,GC,名稱已核實,
I0009,CEP250,Fulgent原始,參考基因未找到,精確／HGNC 舊名比對均未找到,保留缺值；不以其他疾病頻率替代,GC,待處理,
I0010,CEP78,Fulgent原始,參考基因未找到,精確／HGNC 舊名比對均未找到,保留缺值；不以其他疾病頻率替代,GC,待處理,
I0011,CFAP418,Fulgent原始,新舊名稱已核實,C8orf37 → CFAP418,保留原符號；以 HGNC ID 連接，疾病另審,GC,名稱已核實,
I0012,CNGA1,Fulgent原始,參考基因未找到,精確／HGNC 舊名比對均未找到,保留缺值；不以其他疾病頻率替代,GC,待處理,
I0013,COL1A2,Fulgent原始,參考基因未找到,精確／HGNC 舊名比對均未找到,保留缺值；不以其他疾病頻率替代,GC,待處理,
I0014,CYP2R1,Fulgent原始,參考基因未找到,精確／HGNC 舊名比對均未找到,保留缺值；不以其他疾病頻率替代,GC,待處理,
I0015,DNAAF19,Fulgent原始,新舊名稱已核實,CCDC103 → DNAAF19,保留原符號；以 HGNC ID 連接，疾病另審,GC,名稱已核實,
I0016,EDAR,Fulgent原始,參考基因未找到,精確／HGNC 舊名比對均未找到,保留缺值；不以其他疾病頻率替代,GC,待處理,
I0017,EPM2A,Fulgent原始,參考基因未找到,精確／HGNC 舊名比對均未找到,保留缺值；不以其他疾病頻率替代,GC,待處理,
I0018,F5,Fulgent原始,參考基因未找到,精確／HGNC 舊名比對均未找到,保留缺值；不以其他疾病頻率替代,GC,待處理,
I0019,G6PC1,Fulgent原始,新舊名稱已核實,G6PC → G6PC1,保留原符號；以 HGNC ID 連接，疾病另審,GC,名稱已核實,
I0020,GBA1,Fulgent原始,新舊名稱已核實,GBA → GBA1,保留原符號；以 HGNC ID 連接，疾病另審,GC,名稱已核實,
I0021,GH1,Fulgent原始,參考基因未找到,精確／HGNC 舊名比對均未找到,保留缺值；不以其他疾病頻率替代,GC,待處理,
I0022,GJA1,Fulgent原始,參考基因未找到,精確／HGNC 舊名比對均未找到,保留缺值；不以其他疾病頻率替代,GC,待處理,
I0023,GLIS2,Fulgent原始,參考基因未找到,精確／HGNC 舊名比對均未找到,保留缺值；不以其他疾病頻率替代,GC,待處理,
I0024,GRM6,Fulgent原始,參考基因未找到,精確／HGNC 舊名比對均未找到,保留缺值；不以其他疾病頻率替代,GC,待處理,
I0025,HESX1,Fulgent原始,參考基因未找到,精確／HGNC 舊名比對均未找到,保留缺值；不以其他疾病頻率替代,GC,待處理,
I0026,HSPD1,Fulgent原始,參考基因未找到,精確／HGNC 舊名比對均未找到,保留缺值；不以其他疾病頻率替代,GC,待處理,
I0027,IGF1,Fulgent原始,參考基因未找到,精確／HGNC 舊名比對均未找到,保留缺值；不以其他疾病頻率替代,GC,待處理,
I0028,LAMTOR2,Fulgent原始,參考基因未找到,精確／HGNC 舊名比對均未找到,保留缺值；不以其他疾病頻率替代,GC,待處理,
I0029,LCAT,Fulgent原始,參考基因未找到,精確／HGNC 舊名比對均未找到,保留缺值；不以其他疾病頻率替代,GC,待處理,
I0030,LIPH,Fulgent原始,參考基因未找到,精確／HGNC 舊名比對均未找到,保留缺值；不以其他疾病頻率替代,GC,待處理,
I0031,MMUT,Fulgent原始,新舊名稱已核實,MUT → MMUT,保留原符號；以 HGNC ID 連接，疾病另審,GC,名稱已核實,
I0032,MT-RNR1,Fulgent原始,參考基因未找到,精確／HGNC 舊名比對均未找到,保留缺值；不以其他疾病頻率替代,GC,待處理,
I0033,NHLRC1,Fulgent原始,參考基因未找到,精確／HGNC 舊名比對均未找到,保留缺值；不以其他疾病頻率替代,GC,待處理,
I0034,NMNAT1,Fulgent原始,參考基因未找到,精確／HGNC 舊名比對均未找到,保留缺值；不以其他疾病頻率替代,GC,待處理,
I0035,NPHP4,Fulgent原始,參考基因未找到,精確／HGNC 舊名比對均未找到,保留缺值；不以其他疾病頻率替代,GC,待處理,
I0036,NR1H4,Fulgent原始,參考基因未找到,精確／HGNC 舊名比對均未找到,保留缺值；不以其他疾病頻率替代,GC,待處理,
I0037,ODAD3,Fulgent原始,新舊名稱已核實,CCDC151 → ODAD3,保留原符號；以 HGNC ID 連接，疾病另審,GC,名稱已核實,
I0038,PDE6B,Fulgent原始,參考基因未找到,精確／HGNC 舊名比對均未找到,保留缺值；不以其他疾病頻率替代,GC,待處理,
I0039,PDE6C,Fulgent原始,參考基因未找到,精確／HGNC 舊名比對均未找到,保留缺值；不以其他疾病頻率替代,GC,待處理,
I0040,POLR3A,Fulgent原始,參考基因未找到,精確／HGNC 舊名比對均未找到,保留缺值；不以其他疾病頻率替代,GC,待處理,
I0041,PROM1,Fulgent原始,參考基因未找到,精確／HGNC 舊名比對均未找到,保留缺值；不以其他疾病頻率替代,GC,待處理,
I0042,RELN,Fulgent原始,參考基因未找到,精確／HGNC 舊名比對均未找到,保留缺值；不以其他疾病頻率替代,GC,待處理,
I0043,ROBO3,Fulgent原始,參考基因未找到,精確／HGNC 舊名比對均未找到,保留缺值；不以其他疾病頻率替代,GC,待處理,
I0044,SEMA4A,Fulgent原始,參考基因未找到,精確／HGNC 舊名比對均未找到,保留缺值；不以其他疾病頻率替代,GC,待處理,
I0045,SFTPB,Fulgent原始,參考基因未找到,精確／HGNC 舊名比對均未找到,保留缺值；不以其他疾病頻率替代,GC,待處理,
I0046,SGCB,Fulgent原始,參考基因未找到,精確／HGNC 舊名比對均未找到,保留缺值；不以其他疾病頻率替代,GC,待處理,
I0047,SKIC2,Fulgent原始,新舊名稱已核實,SKIV2L → SKIC2,保留原符號；以 HGNC ID 連接，疾病另審,GC,名稱已核實,
I0048,SKIC3,Fulgent原始,新舊名稱已核實,TTC37 → SKIC3,保留原符號；以 HGNC ID 連接，疾病另審,GC,名稱已核實,
I0049,SLC51A,Fulgent原始,參考基因未找到,精確／HGNC 舊名比對均未找到,保留缺值；不以其他疾病頻率替代,GC,待處理,
I0050,TAFAZZIN,Fulgent原始,新舊名稱已核實,TAZ → TAFAZZIN,保留原符號；以 HGNC ID 連接，疾病另審,GC,名稱已核實,
I0051,TBC1D24,Fulgent原始,參考基因未找到,精確／HGNC 舊名比對均未找到,保留缺值；不以其他疾病頻率替代,GC,待處理,
I0052,TECTA,Fulgent原始,參考基因未找到,精確／HGNC 舊名比對均未找到,保留缺值；不以其他疾病頻率替代,GC,待處理,
I0053,TJP2,Fulgent原始,參考基因未找到,精確／HGNC 舊名比對均未找到,保留缺值；不以其他疾病頻率替代,GC,待處理,
I0054,TRIP11,Fulgent原始,參考基因未找到,精確／HGNC 舊名比對均未找到,保留缺值；不以其他疾病頻率替代,GC,待處理,
I0055,TRPM1,Fulgent原始,參考基因未找到,精確／HGNC 舊名比對均未找到,保留缺值；不以其他疾病頻率替代,GC,待處理,
I0056,TTN,Fulgent原始,參考基因未找到,精確／HGNC 舊名比對均未找到,保留缺值；不以其他疾病頻率替代,GC,待處理,
I0057,WDR19,Fulgent原始,參考基因未找到,精確／HGNC 舊名比對均未找到,保留缺值；不以其他疾病頻率替代,GC,待處理,
I0058,WFS1,Fulgent原始,參考基因未找到,精確／HGNC 舊名比對均未找到,保留缺值；不以其他疾病頻率替代,GC,待處理,
I0059,ABCD1,GenIE原始!N11,來源角色待確認,Source=Jeen Health; Note=21000,逐格釐清來源；同列 Source 不自動套用全部族群,GC,待來源釐清,
I0060,ABCD1,GenIE原始!G11,頻率缺值,EAS,保留缺值；Total 不自動代替 EAS,GC,待處理,
I0061,AFF2,GenIE原始!N32,來源角色待確認,Source=Jeen Health; Note=>50000,逐格釐清來源；同列 Source 不自動套用全部族群,GC,待來源釐清,
I0062,AFF2,GenIE原始!C32/M32,不等號未存於數字欄,Total=50000; Note=>50000,整理層記為 <1/50000；原表不改,GC,已分離不等號,
I0063,AFF2,GenIE原始!G32,頻率缺值,EAS,保留缺值；Total 不自動代替 EAS,GC,待處理,
I0064,ALG13,GenIE原始!N47,來源角色待確認,Source=Jeen Health; Note=>50000,逐格釐清來源；同列 Source 不自動套用全部族群,GC,待來源釐清,
I0065,ALG13,GenIE原始!C47/M47,不等號未存於數字欄,Total=50000; Note=>50000,整理層記為 <1/50000；原表不改,GC,已分離不等號,
I0066,ALG13,GenIE原始!G47,頻率缺值,EAS,保留缺值；Total 不自動代替 EAS,GC,待處理,
I0067,AP1S2,GenIE原始!N55,來源角色待確認,Source=Jeen Health; Note=>50000,逐格釐清來源；同列 Source 不自動套用全部族群,GC,待來源釐清,
I0068,AP1S2,GenIE原始!C55/M55,不等號未存於數字欄,Total=50000; Note=>50000,整理層記為 <1/50000；原表不改,GC,已分離不等號,
I0069,AP1S2,GenIE原始!G55,頻率缺值,EAS,保留缺值；Total 不自動代替 EAS,GC,待處理,
I0070,AR,GenIE原始!N57,來源角色待確認,Source=Jeen Health; Note=14286,逐格釐清來源；同列 Source 不自動套用全部族群,GC,待來源釐清,
I0071,AR,GenIE原始!G57,頻率缺值,EAS,保留缺值；Total 不自動代替 EAS,GC,待處理,
I0072,ARSL,GenIE原始!C63,頻率缺值,Total,保留缺值；Total 不自動代替 EAS,GC,待處理,
I0073,ARSL,GenIE原始!G63,頻率缺值,EAS,保留缺值；Total 不自動代替 EAS,GC,待處理,
I0074,ARX,GenIE原始!N64,來源角色待確認,Source=Jeen Health; Note=>50000,逐格釐清來源；同列 Source 不自動套用全部族群,GC,待來源釐清,
I0075,ARX,GenIE原始!C64/M64,不等號未存於數字欄,Total=50000; Note=>50000,整理層記為 <1/50000；原表不改,GC,已分離不等號,
I0076,ARX,GenIE原始!G64,頻率缺值,EAS,保留缺值；Total 不自動代替 EAS,GC,待處理,
I0077,ATP7A,GenIE原始!N71,來源角色待確認,Source=Jeen Health; Note=50000,逐格釐清來源；同列 Source 不自動套用全部族群,GC,待來源釐清,
I0078,ATP7A,GenIE原始!G71,頻率缺值,EAS,保留缺值；Total 不自動代替 EAS,GC,待處理,
I0079,ATRX,GenIE原始!N74,來源角色待確認,Source=Fulgent; Note=250000,逐格釐清來源；同列 Source 不自動套用全部族群,GC,待來源釐清,
I0080,ATRX,GenIE原始列74；Fulgent原始,參考表不等號遺漏,Total分母250000；參考表<1/250000,整理層保留界限；疾病適用仍待審,GC,已分離不等號,
I0081,ATRX,GenIE原始!G74,頻率缺值,EAS,保留缺值；Total 不自動代替 EAS,GC,待處理,
I0082,AVPR2,GenIE原始!N75,來源角色待確認,Source=Jeen Health; Note=>50000,逐格釐清來源；同列 Source 不自動套用全部族群,GC,待來源釐清,
I0083,AVPR2,GenIE原始!C75/M75,不等號未存於數字欄,Total=50000; Note=>50000,整理層記為 <1/50000；原表不改,GC,已分離不等號,
I0084,AVPR2,GenIE原始!G75,頻率缺值,EAS,保留缺值；Total 不自動代替 EAS,GC,待處理,
I0085,BRWD3,GenIE原始!N93,來源角色待確認,Source=Jeen Health; Note=>50000,逐格釐清來源；同列 Source 不自動套用全部族群,GC,待來源釐清,
I0086,BRWD3,GenIE原始!C93/M93,不等號未存於數字欄,Total=50000; Note=>50000,整理層記為 <1/50000；原表不改,GC,已分離不等號,
I0087,BRWD3,GenIE原始!G93,頻率缺值,EAS,保留缺值；Total 不自動代替 EAS,GC,待處理,
I0088,BTK,GenIE原始!N96,來源角色待確認,Source=Jeen Health; Note=>50000,逐格釐清來源；同列 Source 不自動套用全部族群,GC,待來源釐清,
I0089,BTK,GenIE原始!C96/M96,不等號未存於數字欄,Total=50000; Note=>50000,整理層記為 <1/50000；原表不改,GC,已分離不等號,
I0090,BTK,GenIE原始!G96,頻率缺值,EAS,保留缺值；Total 不自動代替 EAS,GC,待處理,
I0091,CCDC39,GenIE原始!N104,來源角色待確認,Source=Jeen Health; Note=211,逐格釐清來源；同列 Source 不自動套用全部族群,GC,待來源釐清,
I0092,CCDC39,GenIE原始!G104,頻率缺值,EAS,保留缺值；Total 不自動代替 EAS,GC,待處理,
I0093,CD40LG,GenIE原始!N110,來源角色待確認,Source=Jeen Health; Note=50000,逐格釐清來源；同列 Source 不自動套用全部族群,GC,待來源釐清,
I0094,CD40LG,GenIE原始!G110,頻率缺值,EAS,保留缺值；Total 不自動代替 EAS,GC,待處理,
I0095,CD59,GenIE原始!G111,頻率缺值,EAS,保留缺值；Total 不自動代替 EAS,GC,待處理,
I0096,CHM,GenIE原始!N121,來源角色待確認,Source=Jeen Health; Note=25000,逐格釐清來源；同列 Source 不自動套用全部族群,GC,待來源釐清,
I0097,CHM,GenIE原始!G121,頻率缺值,EAS,保留缺值；Total 不自動代替 EAS,GC,待處理,
I0098,COL4A5,GenIE原始!N143,來源角色待確認,Source=Jeen Health; Note=139,逐格釐清來源；同列 Source 不自動套用全部族群,GC,待來源釐清,
I0099,COL4A5,GenIE原始!G143,頻率缺值,EAS,保留缺值；Total 不自動代替 EAS,GC,待處理,
I0100,CUL4B,GenIE原始!N156,來源角色待確認,Source=Jeen Health; Note=>50000,逐格釐清來源；同列 Source 不自動套用全部族群,GC,待來源釐清,
I0101,CUL4B,GenIE原始!C156/M156,不等號未存於數字欄,Total=50000; Note=>50000,整理層記為 <1/50000；原表不改,GC,已分離不等號,
I0102,CUL4B,GenIE原始!G156,頻率缺值,EAS,保留缺值；Total 不自動代替 EAS,GC,待處理,
I0103,CYBB,GenIE原始!N158,來源角色待確認,Source=Jeen Health; Note=149254,逐格釐清來源；同列 Source 不自動套用全部族群,GC,待來源釐清,
I0104,CYBB,GenIE原始!G158,頻率缺值,EAS,保留缺值；Total 不自動代替 EAS,GC,待處理,
I0105,DCX,GenIE原始!N173,來源角色待確認,Source=Jeen Health; Note=42500,逐格釐清來源；同列 Source 不自動套用全部族群,GC,待來源釐清,
I0106,DCX,GenIE原始!G173,頻率缺值,EAS,保留缺值；Total 不自動代替 EAS,GC,待處理,
I0107,DKC1,GenIE原始!N179,來源角色待確認,Source=Jeen Health; Note=>50000,逐格釐清來源；同列 Source 不自動套用全部族群,GC,待來源釐清,
I0108,DKC1,GenIE原始!C179/M179,不等號未存於數字欄,Total=50000; Note=>50000,整理層記為 <1/50000；原表不改,GC,已分離不等號,
I0109,DKC1,GenIE原始!G179,頻率缺值,EAS,保留缺值；Total 不自動代替 EAS,GC,待處理,
I0110,DLG3,GenIE原始!N181,來源角色待確認,Source=Jeen Health; Note=>50000,逐格釐清來源；同列 Source 不自動套用全部族群,GC,待來源釐清,
I0111,DLG3,GenIE原始!C181/M181,不等號未存於數字欄,Total=50000; Note=>50000,整理層記為 <1/50000；原表不改,GC,已分離不等號,
I0112,DLG3,GenIE原始!G181,頻率缺值,EAS,保留缺值；Total 不自動代替 EAS,GC,待處理,
I0113,DMD,GenIE原始!N183,來源角色待確認,Source=Jeen Health; Note=2350,逐格釐清來源；同列 Source 不自動套用全部族群,GC,待來源釐清,
I0114,DMD,GenIE原始!G183,頻率缺值,EAS,保留缺值；Total 不自動代替 EAS,GC,待處理,
I0115,DNAAF19,GenIE原始!N184,來源角色待確認,"Source=Fulgent; Note=same disease, different gene (CCDC103)",逐格釐清來源；同列 Source 不自動套用全部族群,GC,待來源釐清,
I0116,DNAAF19,GenIE原始!C184,頻率缺值,Total,保留缺值；Total 不自動代替 EAS,GC,待處理,
I0117,DNAAF19,GenIE原始!G184,頻率缺值,EAS,保留缺值；Total 不自動代替 EAS,GC,待處理,
I0118,DNAL1,GenIE原始!G189,頻率缺值,EAS,保留缺值；Total 不自動代替 EAS,GC,待處理,
I0119,EDA,GenIE原始!N197,來源角色待確認,Source=Jeen Health; Note=14167,逐格釐清來源；同列 Source 不自動套用全部族群,GC,待來源釐清,
I0120,EDA,GenIE原始!G197,頻率缺值,EAS,保留缺值；Total 不自動代替 EAS,GC,待處理,
I0121,EMD,GenIE原始!N206,來源角色待確認,Source=Jeen Health; Note=81967,逐格釐清來源；同列 Source 不自動套用全部族群,GC,待來源釐清,
I0122,EMD,GenIE原始!G206,頻率缺值,EAS,保留缺值；Total 不自動代替 EAS,GC,待處理,
I0123,F8,GenIE原始!N225,來源角色待確認,Source=Jeen Health; Note=3250,逐格釐清來源；同列 Source 不自動套用全部族群,GC,待來源釐清,
I0124,F8,GenIE原始!G225,頻率缺值,EAS,保留缺值；Total 不自動代替 EAS,GC,待處理,
I0125,F9,GenIE原始!N226,來源角色待確認,Source=Jeen Health; Note=15000,逐格釐清來源；同列 Source 不自動套用全部族群,GC,待來源釐清,
I0126,F9,GenIE原始!G226,頻率缺值,EAS,保留缺值；Total 不自動代替 EAS,GC,待處理,
I0127,FANCB,GenIE原始!N230,來源角色待確認,Source=Jeen Health; Note=>50000,逐格釐清來源；同列 Source 不自動套用全部族群,GC,待來源釐清,
I0128,FANCB,GenIE原始!C230/M230,不等號未存於數字欄,Total=50000; Note=>50000,整理層記為 <1/50000；原表不改,GC,已分離不等號,
I0129,FANCB,GenIE原始!G230,頻率缺值,EAS,保留缺值；Total 不自動代替 EAS,GC,待處理,
I0130,FGD1,GenIE原始!N239,來源角色待確認,Source=Jeen Health; Note=>50000,逐格釐清來源；同列 Source 不自動套用全部族群,GC,待來源釐清,
I0131,FGD1,GenIE原始!C239/M239,不等號未存於數字欄,Total=50000; Note=>50000,整理層記為 <1/50000；原表不改,GC,已分離不等號,
I0132,FGD1,GenIE原始!G239,頻率缺值,EAS,保留缺值；Total 不自動代替 EAS,GC,待處理,
I0133,FHL1,GenIE原始!N241,來源角色待確認,Source=Jeen Health; Note=>50000,逐格釐清來源；同列 Source 不自動套用全部族群,GC,待來源釐清,
I0134,FHL1,GenIE原始!C241/M241,不等號未存於數字欄,Total=50000; Note=>50000,整理層記為 <1/50000；原表不改,GC,已分離不等號,
I0135,FHL1,GenIE原始!G241,頻率缺值,EAS,保留缺值；Total 不自動代替 EAS,GC,待處理,
I0136,FMR1,GenIE原始!N246,來源角色待確認,Source=Fulgent; Note=repeat-primed PCR,逐格釐清來源；同列 Source 不自動套用全部族群,GC,待來源釐清,
I0137,FMR1,GenIE原始!C246,頻率缺值,Total,保留缺值；Total 不自動代替 EAS,GC,待處理,
I0138,FMR1,GenIE原始!G246,頻率缺值,EAS,保留缺值；Total 不自動代替 EAS,GC,待處理,
I0139,FTSJ1,GenIE原始!N252,來源角色待確認,Source=Jeen Health; Note=>50000,逐格釐清來源；同列 Source 不自動套用全部族群,GC,待來源釐清,
I0140,FTSJ1,GenIE原始!C252/M252,不等號未存於數字欄,Total=50000; Note=>50000,整理層記為 <1/50000；原表不改,GC,已分離不等號,
I0141,FTSJ1,GenIE原始!G252,頻率缺值,EAS,保留缺值；Total 不自動代替 EAS,GC,待處理,
I0142,G6PD,GenIE原始!N257,來源角色待確認,Source=Jeen Health; Note=7,逐格釐清來源；同列 Source 不自動套用全部族群,GC,待來源釐清,
I0143,G6PD,GenIE原始!G257,頻率缺值,EAS,保留缺值；Total 不自動代替 EAS,GC,待處理,
I0144,GCH1,GenIE原始!G270,頻率缺值,EAS,保留缺值；Total 不自動代替 EAS,GC,待處理,
I0145,GJB1,GenIE原始!N277,來源角色待確認,Source=Jeen Health; Note=667,逐格釐清來源；同列 Source 不自動套用全部族群,GC,待來源釐清,
I0146,GJB1,GenIE原始!G277,頻率缺值,EAS,保留缺值；Total 不自動代替 EAS,GC,待處理,
I0147,GLA,GenIE原始!N280,來源角色待確認,Source=Jeen Health; Note=25000,逐格釐清來源；同列 Source 不自動套用全部族群,GC,待來源釐清,
I0148,GLA,GenIE原始!G280,頻率缺值,EAS,保留缺值；Total 不自動代替 EAS,GC,待處理,
I0149,GPR143,GenIE原始!N294,來源角色待確認,Source=Jeen Health; Note=25000,逐格釐清來源；同列 Source 不自動套用全部族群,GC,待來源釐清,
I0150,GPR143,GenIE原始!G294,頻率缺值,EAS,保留缺值；Total 不自動代替 EAS,GC,待處理,
I0151,HBA1,GenIE原始!N306,來源角色待確認,Source=Jeen Health; Note=None,逐格釐清來源；同列 Source 不自動套用全部族群,GC,待來源釐清,
I0152,HBA2,GenIE原始!N307,來源角色待確認,Source=Jeen Health; Note=None,逐格釐清來源；同列 Source 不自動套用全部族群,GC,待來源釐清,
I0153,HCFC1,GenIE原始!N309,來源角色待確認,Source=Jeen Health; Note=>50000,逐格釐清來源；同列 Source 不自動套用全部族群,GC,待來源釐清,
I0154,HCFC1,GenIE原始!C309/M309,不等號未存於數字欄,Total=50000; Note=>50000,整理層記為 <1/50000；原表不改,GC,已分離不等號,
I0155,HCFC1,GenIE原始!G309,頻率缺值,EAS,保留缺值；Total 不自動代替 EAS,GC,待處理,
I0156,HESX1,GenIE原始!N310,來源角色待確認,"Source=OMIM; Note=AR, AD",逐格釐清來源；同列 Source 不自動套用全部族群,GC,待來源釐清,
I0157,HPRT1,GenIE原始!N322,來源角色待確認,Source=Jeen Health; Note=>50000,逐格釐清來源；同列 Source 不自動套用全部族群,GC,待來源釐清,
I0158,HPRT1,GenIE原始!C322/M322,不等號未存於數字欄,Total=50000; Note=>50000,整理層記為 <1/50000；原表不改,GC,已分離不等號,
I0159,HPRT1,GenIE原始!G322,頻率缺值,EAS,保留缺值；Total 不自動代替 EAS,GC,待處理,
I0160,HSD17B10,GenIE原始!N328,來源角色待確認,Source=Jeen Health; Note=>50000,逐格釐清來源；同列 Source 不自動套用全部族群,GC,待來源釐清,
I0161,HSD17B10,GenIE原始!C328/M328,不等號未存於數字欄,Total=50000; Note=>50000,整理層記為 <1/50000；原表不改,GC,已分離不等號,
I0162,HSD17B10,GenIE原始!G328,頻率缺值,EAS,保留缺值；Total 不自動代替 EAS,GC,待處理,
I0163,IDS,GenIE原始!N336,來源角色待確認,Source=Jeen Health; Note=50000,逐格釐清來源；同列 Source 不自動套用全部族群,GC,待來源釐清,
I0164,IDS,GenIE原始!G336,頻率缺值,EAS,保留缺值；Total 不自動代替 EAS,GC,待處理,
I0165,IGF1,GenIE原始!G338,頻率缺值,EAS,保留缺值；Total 不自動代替 EAS,GC,待處理,
I0166,IL1RAPL1,GenIE原始!N341,來源角色待確認,Source=Jeen Health; Note=>50000,逐格釐清來源；同列 Source 不自動套用全部族群,GC,待來源釐清,
I0167,IL1RAPL1,GenIE原始!C341/M341,不等號未存於數字欄,Total=50000; Note=>50000,整理層記為 <1/50000；原表不改,GC,已分離不等號,
I0168,IL1RAPL1,GenIE原始!G341,頻率缺值,EAS,保留缺值；Total 不自動代替 EAS,GC,待處理,
I0169,IL2RG,GenIE原始!N342,來源角色待確認,Source=Jeen Health; Note=25000,逐格釐清來源；同列 Source 不自動套用全部族群,GC,待來源釐清,
I0170,IL2RG,GenIE原始!G342,頻率缺值,EAS,保留缺值；Total 不自動代替 EAS,GC,待處理,
I0171,KDM5C,GenIE原始!N354,來源角色待確認,Source=Jeen Health; Note=>50000,逐格釐清來源；同列 Source 不自動套用全部族群,GC,待來源釐清,
I0172,KDM5C,GenIE原始!C354/M354,不等號未存於數字欄,Total=50000; Note=>50000,整理層記為 <1/50000；原表不改,GC,已分離不等號,
I0173,KDM5C,GenIE原始!G354,頻率缺值,EAS,保留缺值；Total 不自動代替 EAS,GC,待處理,
I0174,L1CAM,GenIE原始!N355,來源角色待確認,Source=Jeen Health; Note=15000,逐格釐清來源；同列 Source 不自動套用全部族群,GC,待來源釐清,
I0175,L1CAM,GenIE原始!G355,頻率缺值,EAS,保留缺值；Total 不自動代替 EAS,GC,待處理,
I0176,LAMTOR2,GenIE原始!G360,頻率缺值,EAS,保留缺值；Total 不自動代替 EAS,GC,待處理,
I0177,MECP2,GenIE原始!N386,來源角色待確認,Source=Jeen Health; Note=>50000,逐格釐清來源；同列 Source 不自動套用全部族群,GC,待來源釐清,
I0178,MECP2,GenIE原始!C386/M386,不等號未存於數字欄,Total=50000; Note=>50000,整理層記為 <1/50000；原表不改,GC,已分離不等號,
I0179,MECP2,GenIE原始!G386,頻率缺值,EAS,保留缺值；Total 不自動代替 EAS,GC,待處理,
I0180,MID1,GenIE原始!N392,來源角色待確認,Source=Jeen Health; Note=>50000,逐格釐清來源；同列 Source 不自動套用全部族群,GC,待來源釐清,
I0181,MID1,GenIE原始!C392/M392,不等號未存於數字欄,Total=50000; Note=>50000,整理層記為 <1/50000；原表不改,GC,已分離不等號,
I0182,MID1,GenIE原始!G392,頻率缺值,EAS,保留缺值；Total 不自動代替 EAS,GC,待處理,
I0183,MTM1,GenIE原始!N409,來源角色待確認,Source=Jeen Health; Note=25000,逐格釐清來源；同列 Source 不自動套用全部族群,GC,待來源釐清,
I0184,MTM1,GenIE原始!G409,頻率缺值,EAS,保留缺值；Total 不自動代替 EAS,GC,待處理,
I0185,MT-RNR1,GenIE原始!N412,來源角色待確認,Source=柯滄銘; Note=500,逐格釐清來源；同列 Source 不自動套用全部族群,GC,待來源釐清,
I0186,MT-RNR1,GenIE原始!G412,頻率缺值,EAS,保留缺值；Total 不自動代替 EAS,GC,待處理,
I0187,NDP,GenIE原始!N424,來源角色待確認,Source=Jeen Health; Note=>50000,逐格釐清來源；同列 Source 不自動套用全部族群,GC,待來源釐清,
I0188,NDP,GenIE原始!C424/M424,不等號未存於數字欄,Total=50000; Note=>50000,整理層記為 <1/50000；原表不改,GC,已分離不等號,
I0189,NDP,GenIE原始!G424,頻率缺值,EAS,保留缺值；Total 不自動代替 EAS,GC,待處理,
I0190,NR0B1,GenIE原始!N444,來源角色待確認,Source=Jeen Health; Note=6250,逐格釐清來源；同列 Source 不自動套用全部族群,GC,待來源釐清,
I0191,NR0B1,GenIE原始!G444,頻率缺值,EAS,保留缺值；Total 不自動代替 EAS,GC,待處理,
I0192,NSMCE3,GenIE原始!G447,頻率缺值,EAS,保留缺值；Total 不自動代替 EAS,GC,待處理,
I0193,OCRL,GenIE原始!N451,來源角色待確認,Source=Jeen Health; Note=250000,逐格釐清來源；同列 Source 不自動套用全部族群,GC,待來源釐清,
I0194,OCRL,GenIE原始!G451,頻率缺值,EAS,保留缺值；Total 不自動代替 EAS,GC,待處理,
I0195,OPA3,GenIE原始!G453,頻率缺值,EAS,保留缺值；Total 不自動代替 EAS,GC,待處理,
I0196,OPHN1,GenIE原始!N454,來源角色待確認,Source=Jeen Health; Note=>50000,逐格釐清來源；同列 Source 不自動套用全部族群,GC,待來源釐清,
I0197,OPHN1,GenIE原始!C454/M454,不等號未存於數字欄,Total=50000; Note=>50000,整理層記為 <1/50000；原表不改,GC,已分離不等號,
I0198,OPHN1,GenIE原始!G454,頻率缺值,EAS,保留缺值；Total 不自動代替 EAS,GC,待處理,
I0199,OTC,GenIE原始!N456,來源角色待確認,Source=Jeen Health; Note=7000,逐格釐清來源；同列 Source 不自動套用全部族群,GC,待來源釐清,
I0200,OTC,GenIE原始!G456,頻率缺值,EAS,保留缺值；Total 不自動代替 EAS,GC,待處理,
I0201,PAK3,GenIE原始!N461,來源角色待確認,Source=Jeen Health; Note=>50000,逐格釐清來源；同列 Source 不自動套用全部族群,GC,待來源釐清,
I0202,PAK3,GenIE原始!C461/M461,不等號未存於數字欄,Total=50000; Note=>50000,整理層記為 <1/50000；原表不改,GC,已分離不等號,
I0203,PAK3,GenIE原始!G461,頻率缺值,EAS,保留缺值；Total 不自動代替 EAS,GC,待處理,
I0204,PDHA1,GenIE原始!N472,來源角色待確認,Source=flugent; Note=>250000,逐格釐清來源；同列 Source 不自動套用全部族群,GC,待來源釐清,
I0205,PDHA1,GenIE原始!C472/M472,不等號未存於數字欄,Total=250000; Note=>250000,整理層記為 <1/250000；原表不改,GC,已分離不等號,
I0206,PDHA1,GenIE原始!G472,頻率缺值,EAS,保留缺值；Total 不自動代替 EAS,GC,待處理,
I0207,PET100,GenIE原始!G475,頻率缺值,EAS,保留缺值；Total 不自動代替 EAS,GC,待處理,
I0208,PGK1,GenIE原始!N487,來源角色待確認,Source=Jeen Health; Note=>50000,逐格釐清來源；同列 Source 不自動套用全部族群,GC,待來源釐清,
I0209,PGK1,GenIE原始!C487/M487,不等號未存於數字欄,Total=50000; Note=>50000,整理層記為 <1/50000；原表不改,GC,已分離不等號,
I0210,PGK1,GenIE原始!G487,頻率缺值,EAS,保留缺值；Total 不自動代替 EAS,GC,待處理,
I0211,PHF8,GenIE原始!N489,來源角色待確認,Source=Jeen Health; Note=>50000,逐格釐清來源；同列 Source 不自動套用全部族群,GC,待來源釐清,
I0212,PHF8,GenIE原始!C489/M489,不等號未存於數字欄,Total=50000; Note=>50000,整理層記為 <1/50000；原表不改,GC,已分離不等號,
I0213,PHF8,GenIE原始!G489,頻率缺值,EAS,保留缺值；Total 不自動代替 EAS,GC,待處理,
I0214,PLP1,GenIE原始!N500,來源角色待確認,Source=Jeen Health; Note=>50000,逐格釐清來源；同列 Source 不自動套用全部族群,GC,待來源釐清,
I0215,PLP1,GenIE原始!C500/M500,不等號未存於數字欄,Total=50000; Note=>50000,整理層記為 <1/50000；原表不改,GC,已分離不等號,
I0216,PLP1,GenIE原始!G500,頻率缺值,EAS,保留缺值；Total 不自動代替 EAS,GC,待處理,
I0217,POU3F4,GenIE原始!N512,來源角色待確認,Source=Jeen Health; Note=>50000,逐格釐清來源；同列 Source 不自動套用全部族群,GC,待來源釐清,
I0218,POU3F4,GenIE原始!C512/M512,不等號未存於數字欄,Total=50000; Note=>50000,整理層記為 <1/50000；原表不改,GC,已分離不等號,
I0219,POU3F4,GenIE原始!G512,頻率缺值,EAS,保留缺值；Total 不自動代替 EAS,GC,待處理,
I0220,PQBP1,GenIE原始!N514,來源角色待確認,Source=Jeen Health; Note=>500,逐格釐清來源；同列 Source 不自動套用全部族群,GC,待來源釐清,
I0221,PQBP1,GenIE原始!C514/M514,不等號未存於數字欄,Total=500; Note=>500,整理層記為 <1/500；原表不改,GC,已分離不等號,
I0222,PQBP1,GenIE原始!G514,頻率缺值,EAS,保留缺值；Total 不自動代替 EAS,GC,待處理,
I0223,PRPS1,GenIE原始!N520,來源角色待確認,"Source=Fulgent; Note=Same gene, various disease",逐格釐清來源；同列 Source 不自動套用全部族群,GC,待來源釐清,
I0224,PRPS1,GenIE原始!C520,頻率缺值,Total,保留缺值；Total 不自動代替 EAS,GC,待處理,
I0225,PRPS1,GenIE原始!G520,頻率缺值,EAS,保留缺值；Total 不自動代替 EAS,GC,待處理,
I0226,RAX,GenIE原始!G532,頻率缺值,EAS,保留缺值；Total 不自動代替 EAS,GC,待處理,
I0227,RMRP,GenIE原始!G536,頻率缺值,EAS,保留缺值；Total 不自動代替 EAS,GC,待處理,
I0228,RP2,GenIE原始!N541,來源角色待確認,Source=Jeen Health; Note=4000,逐格釐清來源；同列 Source 不自動套用全部族群,GC,待來源釐清,
I0229,RP2,GenIE原始!G541,頻率缺值,EAS,保留缺值；Total 不自動代替 EAS,GC,待處理,
I0230,RPGR,GenIE原始!N543,來源角色待確認,Source=Jeen Health; Note=3000,逐格釐清來源；同列 Source 不自動套用全部族群,GC,待來源釐清,
I0231,RPGR,GenIE原始!G543,頻率缺值,EAS,保留缺值；Total 不自動代替 EAS,GC,待處理,
I0232,RS1,GenIE原始!N546,來源角色待確認,Source=Jeen Health; Note=2500,逐格釐清來源；同列 Source 不自動套用全部族群,GC,待來源釐清,
I0233,RS1,GenIE原始!G546,頻率缺值,EAS,保留缺值；Total 不自動代替 EAS,GC,待處理,
I0234,SAMD9,GenIE原始!G551,頻率缺值,EAS,保留缺值；Total 不自動代替 EAS,GC,待處理,
I0235,SLC16A2,GenIE原始!N571,來源角色待確認,Source=Jeen Health; Note=>500,逐格釐清來源；同列 Source 不自動套用全部族群,GC,待來源釐清,
I0236,SLC16A2,GenIE原始!C571/M571,不等號未存於數字欄,Total=500; Note=>500,整理層記為 <1/500；原表不改,GC,已分離不等號,
I0237,SLC16A2,GenIE原始!G571,頻率缺值,EAS,保留缺值；Total 不自動代替 EAS,GC,待處理,
I0238,SLC37A4,GenIE原始!N585,來源角色待確認,Source=Jeen Health; Note=158,逐格釐清來源；同列 Source 不自動套用全部族群,GC,待來源釐清,
I0239,SLC37A4,GenIE原始!G585,頻率缺值,EAS,保留缺值；Total 不自動代替 EAS,GC,待處理,
I0240,SLC51A,GenIE原始!C591,頻率缺值,Total,保留缺值；Total 不自動代替 EAS,GC,待處理,
I0241,SLC51A,GenIE原始!G591,頻率缺值,EAS,保留缺值；Total 不自動代替 EAS,GC,待處理,
I0242,SLC6A8,GenIE原始!N594,來源角色待確認,Source=Jeen Health; Note=3434,逐格釐清來源；同列 Source 不自動套用全部族群,GC,待來源釐清,
I0243,SLC6A8,GenIE原始!G594,頻率缺值,EAS,保留缺值；Total 不自動代替 EAS,GC,待處理,
I0244,SYN1,GenIE原始!N611,來源角色待確認,Source=Jeen Health; Note=>50000,逐格釐清來源；同列 Source 不自動套用全部族群,GC,待來源釐清,
I0245,SYN1,GenIE原始!C611/M611,不等號未存於數字欄,Total=50000; Note=>50000,整理層記為 <1/50000；原表不改,GC,已分離不等號,
I0246,SYN1,GenIE原始!G611,頻率缺值,EAS,保留缺值；Total 不自動代替 EAS,GC,待處理,
I0247,TAFAZZIN,GenIE原始!N613,來源角色待確認,Source=慧智; Note=225000,逐格釐清來源；同列 Source 不自動套用全部族群,GC,待來源釐清,
I0248,TAFAZZIN,GenIE原始!G613,頻率缺值,EAS,保留缺值；Total 不自動代替 EAS,GC,待處理,
I0249,THOC2,GenIE原始!N629,來源角色待確認,Source=Jeen Health; Note=>50000,逐格釐清來源；同列 Source 不自動套用全部族群,GC,待來源釐清,
I0250,THOC2,GenIE原始!C629/M629,不等號未存於數字欄,Total=50000; Note=>50000,整理層記為 <1/50000；原表不改,GC,已分離不等號,
I0251,THOC2,GenIE原始!G629,頻率缺值,EAS,保留缺值；Total 不自動代替 EAS,GC,待處理,
I0252,UPF3B,GenIE原始!N659,來源角色待確認,Source=Jeen Health; Note=>50000,逐格釐清來源；同列 Source 不自動套用全部族群,GC,待來源釐清,
I0253,UPF3B,GenIE原始!C659/M659,不等號未存於數字欄,Total=50000; Note=>50000,整理層記為 <1/50000；原表不改,GC,已分離不等號,
I0254,UPF3B,GenIE原始!G659,頻率缺值,EAS,保留缺值；Total 不自動代替 EAS,GC,待處理,
I0255,WAS,GenIE原始!N672,來源角色待確認,Source=Jeen Health; Note=125000,逐格釐清來源；同列 Source 不自動套用全部族群,GC,待來源釐清,
I0256,WAS,GenIE原始!G672,頻率缺值,EAS,保留缺值；Total 不自動代替 EAS,GC,待處理,
I0257,ZDHHC9,GenIE原始!N681,來源角色待確認,Source=Jeen Health; Note=>50000,逐格釐清來源；同列 Source 不自動套用全部族群,GC,待來源釐清,
I0258,ZDHHC9,GenIE原始!C681/M681,不等號未存於數字欄,Total=50000; Note=>50000,整理層記為 <1/50000；原表不改,GC,已分離不等號,
I0259,ZDHHC9,GenIE原始!G681,頻率缺值,EAS,保留缺值；Total 不自動代替 EAS,GC,待處理,
I0260,ZNF711,GenIE原始!N684,來源角色待確認,Source=Jeen Health; Note=>50000,逐格釐清來源；同列 Source 不自動套用全部族群,GC,待來源釐清,
I0261,ZNF711,GenIE原始!C684/M684,不等號未存於數字欄,Total=50000; Note=>50000,整理層記為 <1/50000；原表不改,GC,已分離不等號,
I0262,ZNF711,GenIE原始!G684,頻率缺值,EAS,保留缺值；Total 不自動代替 EAS,GC,待處理,
I0263,FMR1,Fulgent原始列406,轉錄錯位,"[None, '1 in 115', 0.99, '1 in 11,401']",整理頻率=1/115；原表保留；DR/剩餘風險不移植,GC,整理層已校正,
I0264,GCH1,Fulgent原始列444,來源檢出率異常,<1 in 500,PDF p.13 同樣異常；不自行補99%,GC,原始來源異常,
I0265,COL1A2,Panel原始列141,使用者疾病替換,619120／AD → 225320／AR,工作對應已改；頻率1/1282不直接沿用；分類另待確認,Andrea／GC,待處理,原始googlesheet已改正
I0266,HBA1/HBA2,Jeen原始列402–413,補值來源未對上,1/20、1/3、1/8等不符所附 PDF p.14,確認原始版本及 copy-number 型態；暫不採用,Steven：來源／GC：覆核,待處理,來源是Jeanhealth
I0267,ABCA4,GenIE原始列5；Jeen原始列13,疾病範圍與數值差異,EAS 1/54 vs 1/548,追查 Jeen族群來源及 GenIE變異範圍,GC,待處理,
I0268,GCH1,GenIE原始列270,基因估值的疾病範圍,OMIM233910為AR；gene-level variants未逐位點審查,確認納入變異是否適用 AR 疾病,GC,待處理,
I0269,MT-RNR1,GenIE原始列412,缺原始來源,Source柯滄銘，Total500,補位點範圍及原始頻率定義；維持特殊模型,Steven：來源／GC：覆核,待處理,來源只有柯滄銘查的到
I0270,HBA2,Fulgent原始,原始PDF有表、Excel缺列,PDF p.14 有 HBA2；Excel無該gene,原始表保留；後續如使用，另從PDF結構化取值,GC,待處理,
I0271,LAMP2,Fulgent原始列593,頻率文字待解析,N/A,人工核對；數值保留空白,GC,待處理,
I0272,RPS6KA3,Fulgent原始列870,頻率文字待解析,N/A,人工核對；數值保留空白,GC,待處理,
I0273,SMN1,Panel審查／Gene對接,特殊檢測模型,Panel原始與 GenIE 已補入；Fulgent Total 1/54、EAS 1/59；原 DR 不可直接移植 MGsafe,v1 走 dead page；保留帶因率顯示，不計算 residual risk；另以 SMA 標準方法處理,GC／產品,v1特殊處理,
