panel_row_id,gene,omim_id,disease_name_zh,disease_name_en,inheritance,source_total_denominator,source_east_asian_denominator,special_case_type,carrier_rate_usage,assay_dr_status,display_group_id,recommended_method,review_rationale
P0032,AFF2,309548,Fraxe 智能障礙,Fraxe intellectual disability,XL,50000,,FIXED_NO_CALC,DISPLAY_ONLY,NOT_APPLICABLE,,AFF2 CCG repeat expansion analysis（repeat-specific PCR／TP-PCR；依實驗室流程確認）,PDF p.2 核實 <1/50000；列入 repeat 特殊模型。
P0167,CYP21A2,201910,先天性腎上腺增生症-21羥化酶缺失症,Classic congenital adrenal hyperplasia due to 21-hydroxylase deficiency,AR,37,105,HOLD_ASSAY,DISPLAY_ONLY,ASSAY_REQUIRED,,CYP21A2 locus-specific、pseudogene-aware sequencing ＋ deletion/duplication／CNV analysis,名称已對接不等於頻率適用；按分流逐疾病審查。
P0185,DMD,310200,裘馨氏肌肉失養症,Duchenne muscular dystrophy,XL,2350,,HOLD_ASSAY,DISPLAY_ONLY,ASSAY_REQUIRED,,DMD deletion/duplication analysis（如 MLPA/CNV）＋ sequence analysis,名称已對接不等於頻率適用；按分流逐疾病審查。
P0186,DMD,300376,貝克氏肌肉失養症,Becker muscular dystrophy,XL,2350,,HOLD_ASSAY,DISPLAY_ONLY,ASSAY_REQUIRED,,DMD deletion/duplication analysis（如 MLPA/CNV）＋ sequence analysis,名称已對接不等於頻率適用；按分流逐疾病審查。
P0228,F8,306700,血友病 A 型,Hemophilia A,XL,3250,,HOLD_ASSAY,DISPLAY_ONLY,ASSAY_REQUIRED,,F8 intron 22／intron 1 inversion analysis ＋ sequence／CNV analysis,名称已對接不等於頻率適用；按分流逐疾病審查。
P0249,FMR1,300624,脆性 X 染色體症候群,Fragile X syndrome,XL,,,FIXED_NO_CALC,DISPLAY_ONLY,NOT_APPLICABLE,,FMR1 CGG repeat expansion analysis（PCR／TP-PCR；必要時加做 methylation 或 Southern）,PDF p.12 Ashkenazi premutation 轉錄錯位已核實；full／pre／intermediate 必須分別記錄。
P0257,FXN,229300,弗雷德賴希氏共濟失調,Friedreich ataxia,AR,4823,2671,FIXED_NO_CALC,DISPLAY_ONLY,NOT_APPLICABLE,,FXN GAA repeat expansion analysis（repeat-primed PCR／fragment sizing）,名称已對接不等於頻率適用；按分流逐疾病審查。
P0270,GBA1,230800,高雪氏症,Gaucher disease,AR,166,459,HOLD_ASSAY,DISPLAY_ONLY,ASSAY_REQUIRED,,GBA1-specific／long-range PCR 或 pseudogene-aware sequencing ＋ CNV／recombinant allele assessment,名称已對接不等於頻率適用；按分流逐疾病審查。
P0310,HBA1,604131,甲型地中海型貧血,Alpha thalassemia,AR,20,8,FIXED_NO_CALC,DISPLAY_ONLY,NOT_APPLICABLE,ALPHA_THAL_604131,HBA1/HBA2 deletion/duplication analysis ＋ sequence analysis（依族群及實驗室方法設計）,Jeen 補值 1/20、EAS 1/8 與提供 PDF 不符；來源版本及型態待查。
P0311,HBA1/HBA2,604131,甲型地中海型貧血,Alpha thalassemia,待確認,,,FIXED_NO_CALC,DISPLAY_ONLY,NOT_APPLICABLE,ALPHA_THAL_604131,HBA1/HBA2 deletion/duplication analysis ＋ sequence analysis；與 HBA1 列共用顯示群組,與 HBA1 列同 OMIM；保留兩列，不視為独立風險，不相加。
P0420,MT-RNR1,580000,氨基糖苷類藥物性耳聾,"Deafness, aminoglycoside-induced",Mi,500,,FIXED_NO_CALC,DISPLAY_ONLY,NOT_APPLICABLE,,經驗證的 mtDNA variant assay／mitochondrial sequencing；依變異、heteroplasmy 與藥物暴露解讀,1/500 原始來源／位點範圍未提供；不計固定下一胎聽損率。
P0721,SMN1,253300,脊髓性肌肉萎縮症,Spinal muscular atrophy,AR,54,59,FIXED_NO_CALC,DISPLAY_ONLY,NOT_APPLICABLE,,SMN1 exon 7 copy-number／dosage analysis，並依方法評估 silent-carrier marker,SMA 需評估 SMN1 copy number 與 silent-carrier 狀態；保留帶因率供說明，不以本 WES 模型計算風險。
