Gene,Inheritance,Total,African/African American,Admixed American,Ashkenazi Jewish,East Asian,European (Finnish),Middle Eastern,European (non-Finnish),South Asian,Remaining,Note,Source,unnamed_15,unnamed_16,unnamed_17,unnamed_18,unnamed_19,unnamed_20,unnamed_21,unnamed_22,unnamed_23,unnamed_24,unnamed_25,unnamed_26,unnamed_27
AAAS,AR,537,324,626,4935,1321,762,607,523,451,744,,,,,,,,,,,,,,,
ABCA12,AR,430,521,566,549,590,1028,598,453,160,504,,,,,,,,,,,,,,,
ABCA3,AR,98,383,210,511,1478,447,606,78,887,111,,,,,,,,,,,,,,,
ABCA4,AR,38,56,34,18,54,52,19,40,24,33,,,,,,,,,,,,,,,
ABCB11,AR,515,602,421,3696,476,1513,1007,475,822,565,,,,,,,,,,,,,,,
ABCB4,AR,299,407,404,529,612,572,201,271,381,354,,,,,,,,,,,,,,,
ABCC2,AR,205,235,149,337,93,56,105,269,124,243,,,,,,,,,,,,,,,
ABCC6,AR,109,109,155,1480,50,120,125,106,175,119,,,,,,,,,,,,,,,
ABCC8,AR,429,603,521,66,444,244,607,498,514,415,,,,,,,,,,,,,,,
ABCD1,XL,21000,,,,,,,,,,21000,Jeen Health,,,,,,,,,,,,,
ABCD4,AR,1289,1874,2140,4935,935,1453,,1164,3788,1302,,,,,,,,,,,,,,,
ABCG5,AR,774,1699,988,,131,1230,303,906,474,840,,,,,,,,,,,,,,,
ABCG8,AR,304,521,161,7399,898,177,252,299,536,323,,,,,,,,,,,,,,,
ABHD12,AR,1662,2499,1372,14745,1135,10654,434,1602,1197,2579,,,,,,,,,,,,,,,
ACAD9,AR,634,1209,370,1137,1403,2461,999,597,624,568,,,,,,,,,,,,,,,
ACADM,AR,61,217,91,117,308,317,137,50,177,79,,,,,,,,,,,,,,,
ACADS,AR,222,57,291,27,142,1555,214,341,262,143,,,,,,,,,,,,,,,
ACADSB,AR,394,181,416,7401,178,6017,137,404,846,297,,,,,,,,,,,,,,,
ACADVL,AR,149,270,193,1346,145,333,271,132,345,142,,,,,,,,,,,,,,,
ACAT1,AR,883,1280,227,1346,514,4399,3037,963,958,998,,,,,,,,,,,,,,,
ACOX1,AR,4138,2497,2501,7401,2041,4484,,4504,3503,7804,,,,,,,,,,,,,,,
ACSF3,AR,96,286,312,435,121,389,379,79,434,107,,,,,,,,,,,,,,,
ADA,AR,561,371,343,2961,675,4551,608,543,880,519,,,,,,,,,,,,,,,
ADAM9,AR,3106,5350,10002,3696,5608,2375,3023,3201,1210,6220,,,,,,,,,,,,,,,
ADAMTS13,AR,266,321,327,1837,377,685,731,239,324,365,,,,,,,,,,,,,,,
ADAMTS2,AR,1637,3728,2133,155,1317,1522,1514,2383,763,953,,,,,,,,,,,,,,,
ADAMTSL4,AR,184,240,336,1478,678,175,377,163,318,209,,,,,,,,,,,,,,,
ADGRG1,AR,1312,815,1580,2961,1240,1659,606,1529,536,1352,,,,,,,,,,,,,,,
ADGRV1,AR,316,274,388,284,330,756,240,319,222,277,,,,,,,,,,,,,,,
ADK,AR,5242,18716,,,11199,14979,,4340,9094,5134,,,,,,,,,,,,,,,
AFF2,XL,50000,,,,,,,,,,>50000,Jeen Health,,,,,,,,,,,,,
AGA,AR,872,1783,1667,14798,1487,64,,1923,1819,915,,,,,,,,,,,,,,,
AGL,AR,373,305,366,779,498,1142,276,349,484,440,,,,,,,,,,,,,,,
AGPS,AR,8845,18715,9646,14776,11119,15852,,8208,5585,31176,,,,,,,,,,,,,,,
AGXT,AR,244,410,419,1463,220,547,216,222,242,290,,,,,,,,,,,,,,,
AHCY,AR,1681,2882,1667,4933,22428,16006,,1494,1380,2082,,,,,,,,,,,,,,,
AHI1,AR,335,373,296,1576,294,413,372,394,103,330,,,,,,,,,,,,,,,
AIMP1,AR,2297,2204,3333,2112,2489,3553,,2294,1422,2835,,,,,,,,,,,,,,,
AIPL1,AR,740,1389,5002,14805,2244,6055,,618,930,893,,,,,,,,,,,,,,,
AIRE,AR,233,654,520,2939,454,97,607,214,905,229,,,,,,,,,,,,,,,
ALDH3A2,AR,1146,1703,883,14691,677,2463,,1093,1459,1039,,,,,,,,,,,,,,,
ALDH4A1,AR,986,594,1692,,1235,873,502,969,1711,777,,,,,,,,,,,,,,,
ALDH7A1,AR,325,209,386,2452,447,1281,1504,297,667,365,,,,,,,,,,,,,,,
ALDOB,AR,93,316,172,143,898,97,132,80,407,94,,,,,,,,,,,,,,,
ALG1,AR,507,1012,1154,235,745,2411,1280,441,1260,705,,,,,,,,,,,,,,,
ALG13,XL,50000,,,,,,,,,,>50000,Jeen Health,,,,,,,,,,,,,
ALG6,AR,431,830,1995,7349,1600,2647,746,350,797,772,,,,,,,,,,,,,,,
ALMS1,AR,172,106,124,918,127,751,127,172,211,199,,,,,,,,,,,,,,,
ALPL,AR,207,586,349,925,130,821,761,177,735,272,,,,,,,,,,,,,,,
AMN,AR,998,1524,1172,,3619,4684,,881,1146,967,,,,,,,,,,,,,,,
AMT,AR,1103,2204,635,14803,2494,1450,1480,1054,949,1420,,,,,,,,,,,,,,,
ANO10,AR,397,615,1285,1805,541,892,759,345,943,299,,,,,,,,,,,,,,,
AP1S1,AR,5094,12467,1567,14793,7474,2437,,5593,11372,2809,,,,,,,,,,,,,,,
AP1S2,XL,50000,,,,,,,,,,>50000,Jeen Health,,,,,,,,,,,,,
AQP2,AR,1153,1973,789,,1069,3842,,1044,1673,1723,,,,,,,,,,,,,,,
AR,XL,14286,,,,,,,,,,14286,Jeen Health,,,,,,,,,,,,,
ARG1,AR,1945,892,406,449,2494,6397,1518,2719,3035,1736,,,,,,,,,,,,,,,
ARL13B,AR,1254,1333,1487,1644,829,2656,,1220,2133,758,,,,,,,,,,,,,,,
ARL6,AR,4268,5351,7498,,2486,31986,3035,4434,1751,3904,,,,,,,,,,,,,,,
ARSA,AR,176,248,433,614,314,198,304,157,243,206,,,,,,,,,,,,,,,
ARSB,AR,622,804,802,6906,1172,1491,506,552,978,637,,,,,,,,,,,,,,,
ARSL,XL,,,,,,,,,,,,,,,,,,,,,,,,,
ARX,XL,50000,,,,,,,,,,>50000,Jeen Health,,,,,,,,,,,,,
ASL,AR,140,341,490,436,862,95,734,121,372,165,,,,,,,,,,,,,,,
ASNS,AR,1545,961,2722,14789,1019,2909,1425,1536,1566,1357,,,,,,,,,,,,,,,
ASPA,AR,520,1135,882,48,1496,250,502,646,1468,395,,,,,,,,,,,,,,,
ASS1,AR,338,421,313,4933,317,2131,304,331,194,326,,,,,,,,,,,,,,,
ATM,AR,230,273,206,400,379,591,234,212,300,246,,,,,,,,,,,,,,,
ATP6V1B1,AR,1623,764,1250,7402,1319,7988,434,1700,1463,1950,,,,,,,,,,,,,,,
ATP7A,XL,50000,,,,,,,,,,50000,Jeen Health,,,,,,,,,,,,,
ATP7B,AR,88,245,96,44,203,321,72,81,126,72,,,,,,,,,,,,,,,
ATP8B1,AR,887,1383,908,4933,771,1601,,798,2070,995,,,,,,,,,,,,,,,
ATRX,XL,250000,,,,,,,,,,250000,Fulgent,,,,,,,,,,,,,
AVPR2,XL,50000,,,,,,,,,,>50000,Jeen Health,,,,,,,,,,,,,
BBS1,AR,166,427,235,7403,1604,284,1013,139,786,169,,,,,,,,,,,,,,,
BBS10,AR,305,604,737,280,1726,2083,1519,260,536,304,,,,,,,,,,,,,,,
BBS12,AR,1047,636,1875,7402,2041,,1522,924,1894,1735,,,,,,,,,,,,,,,
BBS2,AR,478,1013,1429,129,374,525,1014,472,876,348,,,,,,,,,,,,,,,
BBS4,AR,1128,1040,603,1058,195,5335,3041,1378,1369,974,,,,,,,,,,,,,,,
BBS5,AR,2101,832,1305,4933,2035,2287,754,2457,1893,1557,,,,,,,,,,,,,,,
BBS7,AR,816,1012,857,,801,969,,760,1010,893,,,,,,,,,,,,,,,
BBS9,AR,1002,1041,410,4931,1601,2127,1481,970,1233,1556,,,,,,,,,,,,,,,
BCHE,AR,24,106,36,20,73,37,14,20,58,25,,,,,,,,,,,,,,,
BCKDHA,AR,749,986,858,285,896,1996,1001,727,908,680,,,,,,,,,,,,,,,
BCKDHB,AR,499,813,361,113,894,176,3032,565,1412,452,,,,,,,,,,,,,,,
BCS1L,AR,376,543,296,218,1123,108,506,409,760,434,,,,,,,,,,,,,,,
BLM,AR,430,518,724,2064,408,1180,1007,380,601,691,,,,,,,,,,,,,,,
BLOC1S3,AR,2812,3327,7991,14437,3070,6354,272,2836,1771,2554,,,,,,,,,,,,,,,
BLOC1S6,AR,5431,6228,1841,7402,1596,5329,1505,10711,1361,2220,,,,,,,,,,,,,,,
BMP1,AR,2428,3731,3001,2114,5609,2660,,2279,2503,2836,,,,,,,,,,,,,,,
BRIP1,AR,585,694,856,2961,800,5335,1006,506,1295,672,,,,,,,,,,,,,,,
BRWD3,XL,50000,,,,,,,,,,>50000,Jeen Health,,,,,,,,,,,,,
BSND,AR,1124,2082,7498,3701,2795,4547,759,1017,670,1247,,,,,,,,,,,,,,,
BTD,AR,170,181,297,2961,522,1493,212,167,79,164,,,,,,,,,,,,,,,
BTK,XL,50000,,,,,,,,,,>50000,Jeen Health,,,,,,,,,,,,,
CAD,AR,1125,1558,2437,367,2241,199,1338,1405,2841,1000,,,,,,,,,,,,,,,
CANT1,AR,1320,1168,856,6896,635,4569,1012,1437,697,943,,,,,,,,,,,,,,,
CAPN3,AR,78,216,148,183,136,46,94,70,295,94,,,,,,,,,,,,,,,
CASQ2,AR,1760,2020,2728,7396,2492,,1010,1587,1415,2836,,,,,,,,,,,,,,,
CBS,AR,1266,425,424,,2006,2190,,1403,6661,4170,,,,,,,,,,,,,,,
CC2D1A,AR,854,97,690,216,3198,3487,598,2076,649,507,,,,,,,,,,,,,,,
CC2D2A,AR,249,289,301,168,338,150,232,252,308,253,,,,,,,,,,,,,,,
CCDC39,AR,211,,,,,,,,,,211,Jeen Health,,,,,,,,,,,,,
CCDC88C,AR,1825,889,1005,854,852,2349,752,2264,1556,1554,,,,,,,,,,,,,,,
CCN6,AR,972,1163,837,4864,1599,4546,607,900,790,915,,,,,,,,,,,,,,,
CD3D,AR,2514,4684,3750,14805,1726,801,3032,2850,1423,2841,,,,,,,,,,,,,,,
CD3E,AR,6016,4679,1763,14800,22447,,502,6699,6501,5202,,,,,,,,,,,,,,,
CD40,AR,11528,6247,14986,,22442,,,10925,22771,6250,,,,,,,,,,,,,,,
CD40LG,XL,50000,,,,,,,,,,50000,Jeen Health,,,,,,,,,,,,,
CD59,AR,29856,12487,,14797,,,,34650,45543,6240,,,,,,,,,,,,,,,
CDH23,AR,326,179,349,867,137,649,303,350,293,324,,,,,,,,,,,,,,,
CEP152,AR,386,280,680,412,102,1451,160,432,251,457,,,,,,,,,,,,,,,
CEP250,AR,409,520,182,4882,396,164,493,447,513,426,,,,,,,,,,,,,,,
CEP290,AR,121,117,129,195,108,234,162,113,100,131,,,,,,,,,,,,,,,
CEP78,AR,143,571,637,183,869,687,1491,120,183,141,,,,,,,,,,,,,,,
CERKL,AR,343,958,370,,678,51,935,451,260,358,,,,,,,,,,,,,,,
CFAP418,AR,4755,9296,2678,,5576,,3040,4707,2051,15473,,,,,,,,,,,,,,,
CFTR,AR,18,44,25,9,31,60,21,16,27,16,,,,,,,,,,,,,,,
CHAT,AR,543,74,618,494,1849,1678,2979,790,1054,425,,,,,,,,,,,,,,,
CHM,XL,25000,,,,,,,,,,25000,Jeen Health,,,,,,,,,,,,,
CHRNE,AR,350,668,287,155,1316,3693,1009,328,346,347,,,,,,,,,,,,,,,
CHRNG,AR,318,368,509,2960,362,1000,1516,284,501,277,,,,,,,,,,,,,,,
CHST6,AR,790,1013,4872,4931,774,6135,1516,669,1729,1074,,,,,,,,,,,,,,,
CIITA,AR,2106,3748,2501,3661,3204,1501,1516,2027,2158,2083,,,,,,,,,,,,,,,
CLCN1,AR,98,152,183,153,299,25,83,100,314,112,,,,,,,,,,,,,,,
CLCNKB,AR,281,473,245,94,458,2740,2829,264,474,286,,,,,,,,,,,,,,,
CLN3,AR,1048,1872,1153,3699,2244,603,600,967,2389,1359,,,,,,,,,,,,,,,
CLN5,AR,1243,1700,1026,14804,4443,652,3006,1175,2266,1552,,,,,,,,,,,,,,,
CLN6,AR,1526,2884,456,,1650,10616,3043,1476,1897,3113,,,,,,,,,,,,,,,
CLN8,AR,2205,1874,5001,,2494,422,1516,2634,2531,2841,,,,,,,,,,,,,,,
CLRN1,AR,701,658,2307,86,1497,82,,1320,7589,695,,,,,,,,,,,,,,,
CNGA1,AR,211,354,448,1844,234,692,376,180,459,277,,,,,,,,,,,,,,,
CNGA3,AR,199,335,146,49,271,1524,203,218,104,170,,,,,,,,,,,,,,,
CNGB1,AR,383,120,326,2074,288,2282,276,426,417,329,,,,,,,,,,,,,,,
CNGB3,AR,160,299,363,434,1066,161,490,137,557,143,,,,,,,,,,,,,,,
COL11A2,AR,1247,1787,1272,4235,702,1235,524,1280,991,1137,,,,,,,,,,,,,,,
COL17A1,AR,406,139,405,133,574,411,316,492,388,347,,,,,,,,,,,,,,,
COL1A2,AD,1282,2654,1427,2944,933,3172,1007,1424,405,1302,,,,,,,,,,,,,,,
COL27A1,AR,1486,1658,351,3696,1646,750,217,2006,1130,859,,,,,,,,,,,,,,,
COL4A3,AR,347,357,340,357,254,832,377,337,335,441,,,,,,,,,,,,,,,
COL4A4,AR,485,431,546,2108,408,3195,432,465,392,548,,,,,,,,,,,,,,,
COL4A5,XL,139,,,,,,,,,,139,Jeen Health,,,,,,,,,,,,,
COL7A1,AR,193,295,158,329,236,425,233,200,88,194,,,,,,,,,,,,,,,
COX15,AR,846,1102,883,4933,1497,10663,758,734,1896,947,,,,,,,,,,,,,,,
CPS1,AR,965,1246,1873,2463,534,1779,276,919,1138,1000,,,,,,,,,,,,,,,
CPT1A,AR,737,1374,753,423,898,89,3043,1200,1230,845,,,,,,,,,,,,,,,
CPT2,AR,181,259,248,35,351,192,607,179,579,172,,,,,,,,,,,,,,,
CRB1,AR,279,116,345,1849,326,1186,605,271,430,340,,,,,,,,,,,,,,,
CRTAP,AR,1454,1166,729,14540,1526,3526,1232,1446,1576,1376,,,,,,,,,,,,,,,
CTNS,AR,656,1687,1576,7402,1180,10621,710,567,701,589,,,,,,,,,,,,,,,
CTSA,AR,48,26,9,529,4,24,117,605,17,38,,,,,,,,,,,,,,,
CTSC,AR,1195,1205,870,7253,1603,3979,3032,1130,944,2203,,,,,,,,,,,,,,,
CTSD,AR,6056,7493,10003,,22335,1217,,7019,5683,5161,,,,,,,,,,,,,,,
CTSK,AR,1834,1042,667,,1069,32009,3032,2193,990,1488,,,,,,,,,,,,,,,
CUL4B,XL,50000,,,,,,,,,,>50000,Jeen Health,,,,,,,,,,,,,
CYBA,AR,2181,1843,1343,14280,951,1635,1093,2364,2503,2048,,,,,,,,,,,,,,,
CYBB,XL,149254,,,,,,,,,,149254,Jeen Health,,,,,,,,,,,,,
CYP11A1,AR,1922,3123,3001,2115,3206,5337,1009,1736,2169,2232,,,,,,,,,,,,,,,
CYP11B1,AR,500,323,461,7401,1495,4516,605,487,330,522,,,,,,,,,,,,,,,
CYP11B2,AR,877,1700,910,14799,2493,1884,758,823,1196,945,,,,,,,,,,,,,,,
CYP17A1,AR,872,1127,965,4889,344,1129,,886,753,835,,,,,,,,,,,,,,,
CYP19A1,AR,2547,1614,3749,7400,2799,8000,,2741,1293,1467,,,,,,,,,,,,,,,
CYP1B1,AR,242,551,173,2950,214,753,57,228,298,217,,,,,,,,,,,,,,,
CYP21A2,AR,37,57,21,10,105,130,18,35,141,28,,,,,,,,,,,,,,,
CYP27A1,AR,379,335,337,303,206,1181,411,398,237,512,,,,,,,,,,,,,,,
CYP27B1,AR,1039,706,698,7402,819,749,3042,1072,1954,909,,,,,,,,,,,,,,,
CYP2R1,AR,681,108,172,,1320,3517,251,1085,1152,780,,,,,,,,,,,,,,,
CYP7B1,AR,405,1160,1532,3699,393,552,1516,350,779,417,,,,,,,,,,,,,,,
DBT,AR,535,469,835,822,1402,701,346,487,1682,428,,,,,,,,,,,,,,,
DCAF17,AR,2285,7501,2682,13857,4385,2000,216,2309,1511,1938,,,,,,,,,,,,,,,
DCLRE1C,AR,2261,1248,4279,2960,2493,7998,1516,2169,2530,3122,,,,,,,,,,,,,,,
DCX,XL,42500,,,,,,,,,,42500,Jeen Health,,,,,,,,,,,,,
DDX11,AR,436,812,653,66,70,749,757,574,1226,343,,,,,,,,,,,,,,,
DGAT1,AR,876,1513,2035,112,1558,655,,991,740,550,,,,,,,,,,,,,,,
DGUOK,AR,1011,1629,909,,3207,7977,759,881,1687,1041,,,,,,,,,,,,,,,
DHCR7,AR,50,183,138,40,204,174,122,41,495,55,,,,,,,,,,,,,,,
DHDDS,AR,2820,18732,5001,92,22439,5335,635,7754,15176,1201,,,,,,,,,,,,,,,
DKC1,XL,50000,,,,,,,,,,>50000,Jeen Health,,,,,,,,,,,,,
DLD,AR,1407,2674,2726,68,1868,3197,435,2506,2675,665,,,,,,,,,,,,,,,
DLG3,XL,50000,,,,,,,,,,>50000,Jeen Health,,,,,,,,,,,,,
DLL3,AR,583,799,818,486,1183,2461,1263,525,682,701,,,,,,,,,,,,,,,
DMD,XL,2350,,,,,,,,,,2350,Jeen Health,,,,,,,,,,,,,
DNAAF19,AR,,,,,,,,,,,"same disease, different gene (CCDC103)",Fulgent,,,,,,,,,,,,,
DNAH11,AR,199,180,211,156,185,262,189,200,150,181,,,,,,,,,,,,,,,
DNAH5,AR,178,244,194,549,175,172,69,167,262,217,,,,,,,,,,,,,,,
DNAI1,AR,297,447,366,138,1727,1601,434,261,1060,310,,,,,,,,,,,,,,,
DNAI2,AR,903,596,626,79,3738,3178,1516,1349,556,548,,,,,,,,,,,,,,,
DNAL1,AR,6750,3973,2334,7188,,31257,1503,7330,5110,9590,,,,,,,,,,,,,,,
DNMT3B,AR,2461,7500,7503,4935,3741,5337,,2115,4555,2084,,,,,,,,,,,,,,,
DOK7,AR,278,365,444,4863,497,142,3020,267,361,281,,,,,,,,,,,,,,,
DPYD,AR,83,403,236,90,345,22,92,87,83,84,,,,,,,,,,,,,,,
DUOX2,AR,98,116,135,548,31,45,217,109,91,103,,,,,,,,,,,,,,,
DUOXA2,AR,638,871,1111,48,160,2901,3043,982,1264,340,,,,,,,,,,,,,,,
DYNC2H1,AR,164,163,175,151,254,553,164,154,229,157,,,,,,,,,,,,,,,
DYSF,AR,200,174,163,593,177,748,294,193,189,235,,,,,,,,,,,,,,,
EDA,XL,14167,,,,,,,,,,14167,Jeen Health,,,,,,,,,,,,,
EDAR,AR,1255,1784,1765,3701,5612,2462,1512,1202,641,1563,,,,,,,,,,,,,,,
EIF2AK3,AR,1201,673,1294,1387,1826,5334,,1199,1598,802,,,,,,,,,,,,,,,
EIF2B1,AR,1330,2084,3334,,2805,32014,,1509,273,2405,,,,,,,,,,,,,,,
EIF2B2,AR,498,1926,1066,2467,330,4573,1517,421,1085,651,,,,,,,,,,,,,,,
EIF2B3,AR,1334,2191,968,1202,2231,2446,3031,1257,2002,1351,,,,,,,,,,,,,,,
EIF2B4,AR,2086,2496,3300,,3161,31550,3032,1791,2838,3889,,,,,,,,,,,,,,,
EIF2B5,AR,436,1292,508,14805,1401,5336,3032,349,3036,948,,,,,,,,,,,,,,,
ELP1,AR,588,613,626,32,898,2129,1520,983,1035,300,,,,,,,,,,,,,,,
EMD,XL,81967,,,,,,,,,,81967,Jeen Health,,,,,,,,,,,,,
EPG5,AR,976,1091,383,412,1164,1750,1012,1039,847,1415,,,,,,,,,,,,,,,
EPM2A,AR,1426,3281,1413,469,4261,15484,,1291,2388,1747,,,,,,,,,,,,,,,
ERBB3,AR,1190,1291,476,1851,2805,5337,,1224,860,1077,,,,,,,,,,,,,,,
ERCC2,AR,225,382,447,169,371,588,434,197,554,246,,,,,,,,,,,,,,,
ERCC6,AR,355,429,326,291,591,368,1516,331,712,414,,,,,,,,,,,,,,,
ERCC8,AR,1221,1386,901,260,1598,2902,331,1249,1206,1197,,,,,,,,,,,,,,,
ESCO2,AR,942,667,516,448,1600,1388,757,1002,933,973,,,,,,,,,,,,,,,
ETFA,AR,1608,2072,4281,2113,2489,32015,3031,1460,1406,1416,,,,,,,,,,,,,,,
ETFB,AR,5662,2674,2499,,7480,,3043,7713,1687,3461,,,,,,,,,,,,,,,
ETFDH,AR,409,541,430,2954,146,2458,1505,400,576,358,,,,,,,,,,,,,,,
ETHE1,AR,2214,1785,1249,,1930,12484,3043,2180,2676,1828,,,,,,,,,,,,,,,
EVC,AR,638,605,771,1313,1068,870,481,624,815,650,,,,,,,,,,,,,,,
EVC2,AR,490,444,603,185,493,264,607,541,468,431,,,,,,,,,,,,,,,
EXOSC3,AR,429,936,446,,975,10671,1509,392,521,568,,,,,,,,,,,,,,,
EYS,AR,116,93,98,40,26,39,55,164,167,110,,,,,,,,,,,,,,,
F11,AR,199,357,323,12,201,2911,145,292,247,121,,,,,,,,,,,,,,,
F2,AR,43,203,42,15,3705,90,28,38,233,42,,,,,,,,,,,,,,,
F5,AR,875,720,857,1057,424,1033,606,970,529,822,,,,,,,,,,,,,,,
F8,XL,3250,,,,,,,,,,3250,Jeen Health,,,,,,,,,,,,,
F9,XL,15000,,,,,,,,,,15000,Jeen Health,,,,,,,,,,,,,
FAH,AR,392,872,652,156,2244,243,379,387,422,325,,,,,,,,,,,,,,,
FAM161A,AR,480,1209,423,225,2040,552,3006,450,583,558,,,,,,,,,,,,,,,
FANCA,AR,267,301,320,304,308,391,379,251,321,298,,,,,,,,,,,,,,,
FANCB,XL,50000,,,,,,,,,,>50000,Jeen Health,,,,,,,,,,,,,
FANCC,AR,488,244,1147,74,1601,2462,758,522,1012,521,,,,,,,,,,,,,,,
FANCD2,AR,464,717,475,1057,774,492,184,447,492,449,,,,,,,,,,,,,,,
FANCE,AR,1799,1161,1675,,4682,10614,506,1817,819,3472,,,,,,,,,,,,,,,
FANCG,AR,782,1110,1664,4935,423,797,1011,689,1199,636,,,,,,,,,,,,,,,
FANCI,AR,488,540,550,4934,465,132,1516,551,425,548,,,,,,,,,,,,,,,
FANCL,AR,125,577,98,59,1244,255,216,111,438,117,,,,,,,,,,,,,,,
FBP1,AR,1334,1337,1428,7402,863,10672,1477,1486,434,1488,,,,,,,,,,,,,,,
FBXO7,AR,1331,2498,4283,14804,1418,13057,3025,1234,833,974,,,,,,,,,,,,,,,
FGD1,XL,50000,,,,,,,,,,>50000,Jeen Health,,,,,,,,,,,,,
FH,AR,1613,2318,7181,7397,5462,4573,,1347,4554,1718,,,,,,,,,,,,,,,
FHL1,XL,50000,,,,,,,,,,>50000,Jeen Health,,,,,,,,,,,,,
FKBP10,AR,1521,645,1363,2467,935,1587,3032,1670,2164,1249,,,,,,,,,,,,,,,
FKRP,AR,216,811,407,6882,418,226,687,181,2237,331,,,,,,,,,,,,,,,
FKTN,AR,822,1439,613,71,1013,15397,329,1379,412,589,,,,,,,,,,,,,,,
FMO3,AR,114,351,337,270,119,2667,253,96,255,129,,,,,,,,,,,,,,,
FMR1,XL,,,,,,,,,,,repeat-primed PCR,Fulgent,,,,,,,,,,,,,
FOXN1,AR,8941,7495,15004,,22411,10636,,8280,45537,4463,,,,,,,,,,,,,,,
FOXRED1,AR,835,1701,1501,738,801,4532,1008,768,745,812,,,,,,,,,,,,,,,
FRAS1,AR,406,533,438,820,367,839,454,399,276,371,,,,,,,,,,,,,,,
FREM2,AR,891,1039,732,2961,2805,2439,275,852,755,801,,,,,,,,,,,,,,,
FTCD,AR,88,84,225,115,387,50,204,82,184,108,,,,,,,,,,,,,,,
FTSJ1,XL,50000,,,,,,,,,,>50000,Jeen Health,,,,,,,,,,,,,
FUCA1,AR,2559,1555,3001,7401,1701,30942,,2549,4138,1403,,,,,,,,,,,,,,,
FXN,AR,4823,,6760,13610,2671,32009,,4918,2186,2954,,,,,,,,,,,,,,,
G6PC1,AR,337,735,334,72,223,667,1014,330,2397,347,,,,,,,,,,,,,,,
G6PC3,AR,1560,2204,790,7313,2468,3153,3007,1521,1167,2403,,,,,,,,,,,,,,,
G6PD,XL,7,,,,,,,,,,7,Jeen Health,,,,,,,,,,,,,
GAA,AR,60,89,86,87,152,467,150,52,123,69,,,,,,,,,,,,,,,
GALC,AR,365,500,462,2421,53,533,380,428,415,394,,,,,,,,,,,,,,,
GALE,AR,1742,2205,834,7386,340,6398,3032,1920,2844,2404,,,,,,,,,,,,,,,
GALK1,AR,1184,1556,744,14805,1223,1254,1516,1380,366,1728,,,,,,,,,,,,,,,
GALNS,AR,429,411,318,778,646,841,380,413,456,440,,,,,,,,,,,,,,,
GALNT3,AR,1021,235,1033,7390,1246,2238,1416,1193,1263,919,,,,,,,,,,,,,,,
GALT,AR,425,128,376,2958,522,3552,501,449,485,559,,,,,,,,,,,,,,,
GAMT,AR,438,656,1127,3653,1314,4936,1101,359,1533,648,,,,,,,,,,,,,,,
GATM,AR,10527,6077,,14803,2806,32007,,12231,4973,10413,,,,,,,,,,,,,,,
GBA1,AR,166,277,236,18,459,373,276,181,495,127,,,,,,,,,,,,,,,
GBE1,AR,282,986,316,67,1838,550,1421,260,1259,334,,,,,,,,,,,,,,,
GCDH,AR,217,173,238,1645,317,368,304,206,234,252,,,,,,,,,,,,,,,
GCH1,AR,27174,18525,,14746,,,3030,27632,15106,27513,,,,,,,,,,,,,,,
GDAP1,AR,1407,1557,333,3700,1402,7914,1519,1646,1685,808,,,,,,,,,,,,,,,
GDF5,AR,7969,12447,15006,14781,7475,2125,3032,8783,6493,15623,,,,,,,,,,,,,,,
GFM1,AR,607,669,690,1033,1309,941,758,570,614,594,,,,,,,,,,,,,,,
GH1,AR,12046,9365,6003,14804,7477,4575,,17879,4555,7814,,,,,,,,,,,,,,,
GHR,AR,2243,1388,4279,14797,4486,30471,,2148,1014,3769,,,,,,,,,,,,,,,
GJA1,AR,19210,37503,5000,,22429,10670,3041,23593,11385,,,,,,,,,,,,,,,,
GJB1,XL,667,,,,,,,,,,667,Jeen Health,,,,,,,,,,,,,
GJB2,AR,19,60,23,12,9,16,40,19,45,15,,,,,,,,,,,,,,,
GJB6,AR,396,1784,1429,,22448,10673,1521,312,4140,364,,,,,,,,,,,,,,,
GLA,XL,25000,,,,,,,,,,25000,Jeen Health,,,,,,,,,,,,,
GLB1,AR,344,475,326,3701,394,263,370,346,245,322,,,,,,,,,,,,,,,
GLDC,AR,360,482,385,2110,483,142,607,356,506,544,,,,,,,,,,,,,,,
GLE1,AR,501,1496,2727,3700,1172,49,1518,706,647,846,,,,,,,,,,,,,,,
GLIS2,AR,5539,9226,2242,4803,20425,902,2280,7414,8643,3807,,,,,,,,,,,,,,,
GNE,AR,427,872,1305,2467,171,2669,169,388,949,351,,,,,,,,,,,,,,,
GNPAT,AR,4380,12471,15005,14797,11206,7991,1009,3860,3490,7710,,,,,,,,,,,,,,,
GNPTAB,AR,354,666,371,3700,316,158,759,368,283,305,,,,,,,,,,,,,,,
GNPTG,AR,952,890,1068,549,2244,1857,434,905,1347,1006,,,,,,,,,,,,,,,
GNRHR,AR,90,417,142,78,1068,61,80,81,137,112,,,,,,,,,,,,,,,
GNS,AR,3658,12068,4851,,2774,10670,,3284,3457,3785,,,,,,,,,,,,,,,
GORAB,AR,4270,2675,1154,4935,5612,6403,,5086,3796,3472,,,,,,,,,,,,,,,
GP1BA,AR,2453,4162,3335,14805,1871,471,3032,2906,3254,2603,,,,,,,,,,,,,,,
GP9,AR,622,1703,6000,,2791,319,,567,700,680,,,,,,,,,,,,,,,
GPR143,XL,25000,,,,,,,,,,25000,Jeen Health,,,,,,,,,,,,,
GRHPR,AR,496,749,1996,14804,624,695,1514,459,305,743,,,,,,,,,,,,,,,
GRIP1,AR,2774,2263,724,3653,3456,1281,589,3499,2512,3354,,,,,,,,,,,,,,,
GRM6,AR,422,799,673,1038,1006,391,376,417,250,404,,,,,,,,,,,,,,,
GSS,AR,889,463,2727,105,1602,4568,1011,1029,1301,727,,,,,,,,,,,,,,,
GUCY2D,AR,401,817,1232,4918,819,117,379,396,672,506,,,,,,,,,,,,,,,
GUSB,AR,1050,1170,543,7314,2992,798,3043,1040,1256,1112,,,,,,,,,,,,,,,
HADH,AR,5180,1965,7502,,22443,,3026,4658,45298,10361,,,,,,,,,,,,,,,
HADHA,AR,289,892,500,4932,1870,113,942,262,967,345,,,,,,,,,,,,,,,
HADHB,AR,1291,973,923,3562,623,2000,1512,1401,748,1576,,,,,,,,,,,,,,,
HAMP,AR,10897,5352,15001,,2040,,,11793,45534,10415,,,,,,,,,,,,,,,
HAX1,AR,719,913,3749,823,341,3201,1519,639,4139,726,,,,,,,,,,,,,,,
HBA1,AR,20,3,,13,8,,3,,5,,,Jeen Health,,,,,,,,,,,,,
HBA2,AR,20,3,,13,8,,3,,5,,,Jeen Health,,,,,,,,,,,,,
HBB,AR,91,8,113,4932,140,5337,32,567,25,62,,,,,,,,,,,,,,,
HCFC1,XL,50000,,,,,,,,,,>50000,Jeen Health,,,,,,,,,,,,,
HESX1,AR,4632,1867,14990,449,5591,10669,3036,6776,4133,2402,"AR, AD",OMIM,,,,,,,,,,,,,
HEXA,AR,220,323,366,30,499,696,758,226,470,197,,,,,,,,,,,,,,,
HEXB,AR,348,1065,337,7019,124,2279,409,321,631,376,,,,,,,,,,,,,,,
HFE,AR,9,48,33,42,212,14,303,8,214,9,,,,,,,,,,,,,,,
HGD,AR,340,500,750,4933,465,1231,505,319,213,300,,,,,,,,,,,,,,,
HGSNAT,AR,1083,642,999,7208,1273,612,1512,1135,1230,731,,,,,,,,,,,,,,,
HJV,AR,741,6245,3334,,2244,32016,3026,618,660,801,,,,,,,,,,,,,,,
HLCS,AR,751,1169,977,7403,302,1391,608,721,803,693,,,,,,,,,,,,,,,
HMGCL,AR,1368,1785,831,7399,2449,3201,600,1292,1571,1485,,,,,,,,,,,,,,,
HMOX1,AR,3666,3747,4991,,11221,2462,3043,3371,6439,5206,,,,,,,,,,,,,,,
HOGA1,AR,153,431,221,45,218,493,263,144,221,134,,,,,,,,,,,,,,,
HPD,AR,3493,5353,4997,2115,5610,8004,3031,3959,1111,2604,,,,,,,,,,,,,,,
HPRT1,XL,50000,,,,,,,,,,>50000,Jeen Health,,,,,,,,,,,,,
HPS1,AR,585,682,290,4794,726,205,997,620,842,957,,,,,,,,,,,,,,,
HPS3,AR,784,932,2498,275,415,2238,1010,860,350,854,,,,,,,,,,,,,,,
HPS4,AR,1645,2343,1760,,2245,10670,,1410,4139,2081,,,,,,,,,,,,,,,
HPS5,AR,1042,1338,749,329,641,666,1515,1217,798,891,,,,,,,,,,,,,,,
HPS6,AR,858,929,942,1837,568,4031,1516,813,1094,826,,,,,,,,,,,,,,,
HSD17B10,XL,50000,,,,,,,,,,>50000,Jeen Health,,,,,,,,,,,,,
HSD17B3,AR,317,937,1579,2960,774,866,506,256,1084,520,,,,,,,,,,,,,,,
HSD17B4,AR,1253,621,660,1136,882,5333,,1394,1319,813,,,,,,,,,,,,,,,
HSD3B2,AR,1216,987,2501,7402,1496,16008,,1160,1571,1157,,,,,,,,,,,,,,,
HSPD1,AR,34547,,,,22223,,,28938,22769,,,,,,,,,,,,,,,,
HYAL1,AR,5177,9369,3335,,3206,10663,2799,5148,4121,5176,,,,,,,,,,,,,,,
HYLS1,AR,479,1293,910,1851,3207,55,,664,616,505,,,,,,,,,,,,,,,
IDH3B,AR,1506,2082,2000,14805,1321,2001,1516,1369,2169,2083,,,,,,,,,,,,,,,
IDS,XL,50000,,,,,,,,,,50000,Jeen Health,,,,,,,,,,,,,
IDUA,AR,175,481,317,1431,452,164,519,153,394,204,,,,,,,,,,,,,,,
IGF1,AR,56813,,,,,,,35819,,,,,,,,,,,,,,,,,
IGHMBP2,AR,360,1177,1028,1851,591,1258,1472,316,290,434,,,,,,,,,,,,,,,
IKBKB,AR,6488,6238,14414,7376,11192,3995,960,6195,11257,15435,,,,,,,,,,,,,,,
IL1RAPL1,XL,50000,,,,,,,,,,>50000,Jeen Health,,,,,,,,,,,,,
IL2RG,XL,25000,,,,,,,,,,25000,Jeen Health,,,,,,,,,,,,,
IL7R,AR,1226,1337,968,14791,3206,3875,,1069,3794,1485,,,,,,,,,,,,,,,
INPP5E,AR,1270,1291,1119,,1920,2445,3035,1207,1161,1415,,,,,,,,,,,,,,,
INVS,AR,841,815,715,1642,935,6404,1516,809,786,694,,,,,,,,,,,,,,,
ITGA6,AR,2914,4646,1871,14804,1863,6388,,2911,1818,5200,,,,,,,,,,,,,,,
ITGB3,AR,1087,466,723,3542,535,2134,758,1205,1209,1178,,,,,,,,,,,,,,,
ITGB4,AR,597,677,893,731,365,2161,320,598,345,858,,,,,,,,,,,,,,,
IVD,AR,327,417,423,,898,1033,506,278,911,401,,,,,,,,,,,,,,,
IYD,AR,1826,1972,968,14803,2805,8002,301,1788,2070,1838,,,,,,,,,,,,,,,
JAK3,AR,1377,1382,1739,2108,1370,2383,641,1391,812,1474,,,,,,,,,,,,,,,
KCNJ1,AR,821,1388,385,7401,1182,1779,1013,817,701,651,,,,,,,,,,,,,,,
KCNJ11,AR,7269,3749,3334,,2244,,,8193,9108,6250,,,,,,,,,,,,,,,
KDM5C,XL,50000,,,,,,,,,,>50000,Jeen Health,,,,,,,,,,,,,
L1CAM,XL,15000,,,,,,,,,,15000,Jeen Health,,,,,,,,,,,,,
LAMA2,AR,275,324,333,308,191,591,233,266,298,290,,,,,,,,,,,,,,,
LAMA3,AR,214,282,241,69,102,630,291,234,160,194,,,,,,,,,,,,,,,
LAMB3,AR,355,528,1200,1477,1069,1103,725,303,583,340,,,,,,,,,,,,,,,
LAMC2,AR,1476,1873,3722,2961,898,5336,1009,1384,1897,1157,,,,,,,,,,,,,,,
LAMTOR2,AR,44838,37529,,14804,,,3032,42144,45539,,,,,,,,,,,,,,,,
LARGE1,AR,5105,6246,4288,14805,7479,6380,1001,4835,5692,10417,,,,,,,,,,,,,,,
LCA5,AR,1654,3722,1646,215,1403,1677,1516,2157,1155,772,,,,,,,,,,,,,,,
LCAT,AR,1795,2187,3668,14799,2440,1510,2684,1623,3742,1948,,,,,,,,,,,,,,,
LDLR,AR,306,321,278,561,164,709,169,328,180,232,,,,,,,,,,,,,,,
LDLRAP1,AR,2552,2342,2998,,2635,836,1015,2779,2888,4858,,,,,,,,,,,,,,,
LHX3,AR,3311,5095,5977,14590,5385,4690,,2889,44598,2294,,,,,,,,,,,,,,,
LIFR,AR,1424,1783,1754,479,2038,10670,1005,1669,431,1530,,,,,,,,,,,,,,,
LIG4,AR,614,268,556,14797,1122,3540,608,596,844,763,,,,,,,,,,,,,,,
LIPA,AR,336,870,429,923,2802,1601,1522,280,734,420,,,,,,,,,,,,,,,
LIPH,AR,700,2668,2142,,54,,,989,556,1225,,,,,,,,,,,,,,,
LMBRD1,AR,556,435,1023,14775,2801,968,3026,485,1122,855,,,,,,,,,,,,,,,
LOXHD1,AR,232,363,352,173,321,314,329,212,377,320,,,,,,,,,,,,,,,
LPL,AR,551,1103,790,1346,274,5336,379,511,556,665,,,,,,,,,,,,,,,
LRAT,AR,4982,4163,3751,,7480,15998,,4539,11384,5208,,,,,,,,,,,,,,,
LRP2,AR,1012,2334,1500,2115,408,551,2976,995,1785,1199,,,,,,,,,,,,,,,
LRPPRC,AR,1263,1087,2143,14805,1834,422,3030,1382,981,1147,,,,,,,,,,,,,,,
LYST,AR,1245,982,1362,2113,1320,889,1516,1269,1133,1467,,,,,,,,,,,,,,,
MAK,AR,1044,588,878,4760,405,3557,1013,1096,1257,1075,,,,,,,,,,,,,,,
MAN2B1,AR,516,353,1969,4597,997,253,751,494,854,839,,,,,,,,,,,,,,,
MANBA,AR,699,499,1154,7401,896,2133,504,652,739,789,,,,,,,,,,,,,,,
MCCC1,AR,579,399,877,14805,424,6404,1013,536,796,694,,,,,,,,,,,,,,,
MCCC2,AR,251,514,126,188,340,2130,30,254,365,178,,,,,,,,,,,,,,,
MCEE,AR,992,3746,2727,,3735,3193,3032,791,9107,1250,,,,,,,,,,,,,,,
MCOLN1,AR,1174,1822,1788,126,2493,10274,3032,1269,2530,841,,,,,,,,,,,,,,,
MCPH1,AR,286,182,351,308,278,250,200,346,108,242,,,,,,,,,,,,,,,
MECP2,XL,50000,,,,,,,,,,>50000,Jeen Health,,,,,,,,,,,,,
MECR,AR,1471,1629,2472,116,5605,2864,1518,1952,1132,1201,,,,,,,,,,,,,,,
MED17,AR,1958,1780,7501,3699,2785,3289,,1774,2397,2203,,,,,,,,,,,,,,,
MEFV,AR,245,615,323,13,292,14684,22,458,688,78,,,,,,,,,,,,,,,
MESP2,AR,70,91,95,404,100,30,48,79,13,31,,,,,,,,,,,,,,,
MFSD8,AR,1658,2198,1761,7380,1723,3997,1511,1889,495,1357,,,,,,,,,,,,,,,
MID1,XL,50000,,,,,,,,,,>50000,Jeen Health,,,,,,,,,,,,,
MKKS,AR,1153,1250,1154,14804,748,2662,,1224,624,2232,,,,,,,,,,,,,,,
MKS1,AR,333,705,1305,14804,702,65,3032,348,598,473,,,,,,,,,,,,,,,
MLC1,AR,1340,1078,2774,289,704,2359,501,1523,916,1638,,,,,,,,,,,,,,,
MLYCD,AR,1396,1467,7174,,2360,6770,1345,1346,830,880,,,,,,,,,,,,,,,
MMAA,AR,664,1782,2494,,2041,2462,,564,888,511,,,,,,,,,,,,,,,
MMAB,AR,569,875,1483,6976,3472,2816,2973,484,744,640,,,,,,,,,,,,,,,
MMACHC,AR,214,289,95,171,268,2911,160,215,208,184,,,,,,,,,,,,,,,
MMADHC,AR,3124,3408,30000,,7452,8000,,3309,860,3904,,,,,,,,,,,,,,,
MMUT,AR,282,225,219,309,125,696,203,325,140,248,,,,,,,,,,,,,,,
MOCS1,AR,1227,749,1180,923,3204,3087,1454,1274,730,1416,,,,,,,,,,,,,,,
MOCS2,AR,1707,2340,639,,1811,590,1472,2090,1339,1244,,,,,,,,,,,,,,,
MPI,AR,865,986,1429,4935,1871,822,1513,797,1424,695,,,,,,,,,,,,,,,
MPL,AR,343,706,647,63,832,1746,93,338,582,268,,,,,,,,,,,,,,,
MPV17,AR,1292,514,2997,1137,1182,32020,1516,1335,1168,1202,,,,,,,,,,,,,,,
MRE11,AR,978,959,1034,7401,1119,4000,426,924,584,1295,,,,,,,,,,,,,,,
MTHFR,AR,715,961,1429,2468,1122,6397,300,773,193,1116,,,,,,,,,,,,,,,
MTM1,XL,25000,,,,,,,,,,25000,Jeen Health,,,,,,,,,,,,,
MTMR2,AR,2100,1558,1418,740,1495,2081,3031,2307,2643,2082,,,,,,,,,,,,,,,
MTR,AR,726,1299,1068,1134,1317,800,2835,657,1137,1004,,,,,,,,,,,,,,,
MT-RNR1,Mi,500,,,,,,,,,,500,柯滄銘,,,,,,,,,,,,,
MTRR,AR,802,1155,811,2961,1871,1598,496,733,772,782,,,,,,,,,,,,,,,
MTTP,AR,1217,1784,3000,193,3739,32013,3042,1161,3036,1301,,,,,,,,,,,,,,,
MUSK,AR,2284,1543,3099,,1597,3545,,2464,1083,2082,,,,,,,,,,,,,,,
MVK,AR,174,375,273,1139,1181,196,202,151,362,171,,,,,,,,,,,,,,,
MYO15A,AR,152,188,117,102,84,149,189,158,174,157,,,,,,,,,,,,,,,
MYO7A,AR,191,285,251,328,333,310,303,173,241,199,,,,,,,,,,,,,,,
NAGA,AR,2057,5357,1577,14804,1402,10561,3032,2055,1012,2403,,,,,,,,,,,,,,,
NAGLU,AR,445,509,620,2569,701,1654,,399,459,653,,,,,,,,,,,,,,,
NAGS,AR,2971,2488,2576,909,10991,4583,3032,3103,5080,1554,,,,,,,,,,,,,,,
NBN,AR,593,779,1429,581,1067,1333,,524,828,799,,,,,,,,,,,,,,,
NCF2,AR,2205,6249,1765,,535,4001,,2399,1627,1645,,,,,,,,,,,,,,,
NDP,XL,50000,,,,,,,,,,>50000,Jeen Health,,,,,,,,,,,,,
NDRG1,AR,3752,12486,14999,7401,11218,884,,3872,3446,6234,,,,,,,,,,,,,,,
NDUFAF2,AR,2438,2450,5974,,2485,,,2045,6435,5185,,,,,,,,,,,,,,,
NDUFAF5,AR,528,2200,883,202,702,2897,1521,456,1080,1002,,,,,,,,,,,,,,,
NDUFS4,AR,2667,4675,1577,1643,7466,2287,1514,2700,2168,3899,,,,,,,,,,,,,,,
NDUFS6,AR,10194,12491,2142,14805,2493,13332,2993,16384,3786,31256,,,,,,,,,,,,,,,
NDUFS7,AR,7047,37459,14359,,5528,,,6071,5643,15223,,,,,,,,,,,,,,,
NDUFV1,AR,964,735,858,4932,1181,5311,1011,1034,386,1008,,,,,,,,,,,,,,,
NEB,AR,174,214,192,210,94,187,215,175,215,150,,,,,,,,,,,,,,,
NEU1,AR,1175,494,3001,478,535,2436,,1256,2071,1358,,,,,,,,,,,,,,,
NGLY1,AR,691,1102,740,2400,683,3116,841,620,929,740,,,,,,,,,,,,,,,
NHLRC1,AR,1735,3123,1061,2961,1726,12688,972,1604,2845,2075,,,,,,,,,,,,,,,
NMNAT1,AR,365,635,436,3701,702,3557,253,313,1111,352,,,,,,,,,,,,,,,
NPC1,AR,231,452,326,370,374,502,276,204,340,271,,,,,,,,,,,,,,,
NPC2,AR,77,379,384,436,7480,179,758,62,299,86,,,,,,,,,,,,,,,
NPHP1,AR,1020,1009,1495,14782,1019,4493,499,933,1619,875,,,,,,,,,,,,,,,
NPHP3,AR,414,731,519,3698,431,1227,728,364,611,543,,,,,,,,,,,,,,,
NPHP4,AR,487,326,634,359,569,2644,731,513,259,421,,,,,,,,,,,,,,,
NPHS1,AR,215,430,384,2462,330,45,431,235,325,219,,,,,,,,,,,,,,,
NPHS2,AR,341,582,730,4886,743,1267,507,287,775,404,,,,,,,,,,,,,,,
NR0B1,XL,6250,,,,,,,,,,6250,Jeen Health,,,,,,,,,,,,,
NR1H4,AR,5680,12276,3335,7402,3701,31995,3032,5571,5621,5128,,,,,,,,,,,,,,,
NR2E3,AR,281,676,341,86,1070,5069,467,254,566,247,,,,,,,,,,,,,,,
NSMCE3,AR,5045,,,,,,,3759,,10417,,,,,,,,,,,,,,,
NTRK1,AR,1529,1280,1672,14238,287,1430,379,1708,2642,3434,,,,,,,,,,,,,,,
OAT,AR,688,5352,1579,705,1726,157,1003,723,1035,665,,,,,,,,,,,,,,,
OCA2,AR,62,50,128,134,394,400,233,53,348,85,,,,,,,,,,,,,,,
OCRL,XL,250000,,,,,,,,,,250000,Jeen Health,,,,,,,,,,,,,
ODAD3,AR,2132,3407,1756,1642,3206,3492,,1986,3498,2082,,,,,,,,,,,,,,,
OPA3,AR,22997,18732,5982,14804,,32018,1508,32721,45472,6244,,,,,,,,,,,,,,,
OPHN1,XL,50000,,,,,,,,,,>50000,Jeen Health,,,,,,,,,,,,,
OSTM1,AR,5777,4117,29544,1441,11145,3738,,6173,6285,5116,,,,,,,,,,,,,,,
OTC,XL,7000,,,,,,,,,,7000,Jeen Health,,,,,,,,,,,,,
OTOA,AR,122,352,23,728,5,51,752,546,302,148,,,,,,,,,,,,,,,
OTOF,AR,255,266,247,507,42,957,301,285,534,242,,,,,,,,,,,,,,,
P3H1,AR,1157,174,1154,823,766,3558,3032,1789,1111,1152,,,,,,,,,,,,,,,
PAH,AR,44,145,69,18,82,171,32,40,73,37,,,,,,,,,,,,,,,
PAK3,XL,50000,,,,,,,,,,>50000,Jeen Health,,,,,,,,,,,,,
PANK2,AR,695,1499,577,,780,3586,,638,576,770,,,,,,,,,,,,,,,
PC,AR,3036,1864,9420,2468,3200,2621,2864,2964,3453,7636,,,,,,,,,,,,,,,
PCBD1,AR,1357,3959,1838,303,5610,,,1202,15172,1488,,,,,,,,,,,,,,,
PCCA,AR,798,743,386,578,506,2282,2916,891,482,692,,,,,,,,,,,,,,,
PCCB,AR,430,245,431,2466,122,1334,998,452,967,459,,,,,,,,,,,,,,,
PCDH15,AR,334,140,416,106,108,1998,202,463,131,296,,,,,,,,,,,,,,,
PCNT,AR,311,208,216,177,431,738,249,340,197,263,,,,,,,,,,,,,,,
PDE6A,AR,651,528,577,,534,5314,760,639,475,679,,,,,,,,,,,,,,,
PDE6B,AR,388,359,204,260,295,4479,1008,395,551,285,,,,,,,,,,,,,,,
PDE6C,AR,1450,747,789,1849,895,3199,750,1771,745,1281,,,,,,,,,,,,,,,
PDHA1,XL,250000,,,,,,,,,,>250000,flugent,,,,,,,,,,,,,
PDHB,AR,7801,9367,14987,,4474,3985,2296,8165,15142,3880,,,,,,,,,,,,,,,
PEPD,AR,651,501,490,2949,2467,3103,3041,625,521,720,,,,,,,,,,,,,,,
PET100,AR,5054,7271,5091,7163,,,499,4661,5252,10000,,,,,,,,,,,,,,,
PEX1,AR,235,550,518,1133,316,1668,1514,196,456,322,,,,,,,,,,,,,,,
PEX10,AR,1278,2242,1118,4473,829,6799,1875,1170,1420,1798,,,,,,,,,,,,,,,
PEX12,AR,747,656,589,987,2245,6404,1009,669,1822,976,,,,,,,,,,,,,,,
PEX13,AR,4581,3407,6001,,2245,,,4781,2652,3441,,,,,,,,,,,,,,,
PEX16,AR,4425,6240,10005,14765,2805,5092,3043,4334,3019,5205,,,,,,,,,,,,,,,
PEX2,AR,2108,2678,7502,232,1870,5298,3043,2389,2278,2084,,,,,,,,,,,,,,,
PEX26,AR,1663,379,1416,3701,2235,3635,1483,1877,3213,2599,,,,,,,,,,,,,,,
PEX5,AR,3257,9364,1428,2468,2494,5328,994,3345,4339,2083,,,,,,,,,,,,,,,
PEX6,AR,518,763,1459,3560,1081,803,3032,464,504,517,,,,,,,,,,,,,,,
PEX7,AR,437,803,1001,14775,1726,3200,2090,354,3766,538,,,,,,,,,,,,,,,
PFKM,AR,1303,1972,2501,104,1603,1280,1012,1667,4107,816,,,,,,,,,,,,,,,
PGK1,XL,50000,,,,,,,,,,>50000,Jeen Health,,,,,,,,,,,,,
PGM3,AR,1620,1161,1353,1850,5569,5335,3032,1569,1313,2385,,,,,,,,,,,,,,,
PHF8,XL,50000,,,,,,,,,,>50000,Jeen Health,,,,,,,,,,,,,
PHGDH,AR,1780,1629,2960,280,1717,2463,,2017,1333,2227,,,,,,,,,,,,,,,
PHKB,AR,421,754,1035,2956,969,4002,604,374,308,460,,,,,,,,,,,,,,,
PHKG2,AR,2228,3125,7500,14805,2041,5319,,1980,2268,3124,,,,,,,,,,,,,,,
PHYH,AR,989,1013,2275,190,1494,922,606,937,2960,1368,,,,,,,,,,,,,,,
PIGN,AR,372,854,749,632,295,1434,1489,335,368,308,,,,,,,,,,,,,,,
PJVK,AR,1793,1559,2000,3700,3739,,,1690,1265,1950,,,,,,,,,,,,,,,
PKHD1,AR,111,215,142,70,231,39,158,119,92,126,,,,,,,,,,,,,,,
PLA2G6,AR,589,527,650,7174,231,1795,715,613,427,468,,,,,,,,,,,,,,,
PLEKHG5,AR,1543,443,1127,14805,2013,4352,1514,1640,2464,1627,,,,,,,,,,,,,,,
PLOD1,AR,1160,1401,2307,14803,1867,1299,1009,1034,3475,975,,,,,,,,,,,,,,,
PLP1,XL,50000,,,,,,,,,,>50000,Jeen Health,,,,,,,,,,,,,
PMM2,AR,67,206,100,67,230,62,753,58,298,90,,,,,,,,,,,,,,,
PNPO,AR,1059,1558,2022,4933,1403,2566,1012,932,1340,1630,,,,,,,,,,,,,,,
POLG,AR,104,200,377,1342,861,70,505,90,361,103,,,,,,,,,,,,,,,
POLH,AR,1615,1010,1666,14801,488,5326,1514,1757,1511,1412,,,,,,,,,,,,,,,
POLR1C,AR,761,1103,406,7401,607,4575,608,696,1571,1302,,,,,,,,,,,,,,,
POLR3A,AR,617,937,935,7402,547,1774,757,563,592,678,,,,,,,,,,,,,,,
POMGNT1,AR,542,798,938,3697,832,206,756,535,929,474,,,,,,,,,,,,,,,
POMT1,AR,494,852,527,269,1069,3018,1516,447,605,625,,,,,,,,,,,,,,,
POMT2,AR,963,979,1137,7400,1111,1792,584,963,594,819,,,,,,,,,,,,,,,
POR,AR,437,747,446,14803,238,201,759,443,598,471,,,,,,,,,,,,,,,
POU1F1,AR,3037,18620,9998,4935,7442,7960,1516,2700,2165,3441,,,,,,,,,,,,,,,
POU3F4,XL,50000,,,,,,,,,,>50000,Jeen Health,,,,,,,,,,,,,
PPT1,AR,386,937,3333,14791,1403,72,,396,4140,401,,,,,,,,,,,,,,,
PQBP1,XL,500,,,,,,,,,,>500,Jeen Health,,,,,,,,,,,,,
PRCD,AR,8373,9066,9988,,1432,,3032,9030,11198,9997,,,,,,,,,,,,,,,
PRDM5,AR,2207,1782,3332,,3194,3552,1011,2074,2672,2077,,,,,,,,,,,,,,,
PRF1,AR,580,138,337,309,424,6392,966,823,308,579,,,,,,,,,,,,,,,
PROM1,AR,404,694,282,3538,819,1759,740,356,791,494,,,,,,,,,,,,,,,
PROP1,AR,706,1430,386,1208,1494,2907,3035,659,972,782,,,,,,,,,,,,,,,
PRPS1,XL,,,,,,,,,,,"Same gene, various disease",Fulgent,,,,,,,,,,,,,
PSAP,AR,3026,2867,1429,,4404,,923,3694,860,2841,,,,,,,,,,,,,,,
PTPRC,AR,2774,2479,1408,2803,2457,1862,3022,3434,1269,1913,,,,,,,,,,,,,,,
PTS,AR,1199,2200,1221,,362,705,1007,1256,1602,1355,,,,,,,,,,,,,,,
PUS1,AR,3591,3701,3636,4252,818,3249,1360,4112,3615,3028,,,,,,,,,,,,,,,
PYGM,AR,120,321,190,570,330,456,380,99,389,136,,,,,,,,,,,,,,,
QDPR,AR,2742,4683,7468,7386,3203,8002,1009,2575,1979,2231,,,,,,,,,,,,,,,
RAB23,AR,756,2881,3333,4932,5611,3555,3025,590,11358,1250,,,,,,,,,,,,,,,
RAG1,AR,486,586,667,2115,702,821,608,458,470,429,,,,,,,,,,,,,,,
RAG2,AR,1036,2498,1199,1058,3206,2001,3032,972,772,893,,,,,,,,,,,,,,,
RAPSN,AR,207,961,292,291,1311,828,3032,172,531,219,,,,,,,,,,,,,,,
RARS2,AR,396,344,261,871,340,2903,742,377,577,422,,,,,,,,,,,,,,,
RAX,AR,5897,37477,6004,14804,,15829,,5099,4993,10343,,,,,,,,,,,,,,,
RDH12,AR,642,707,429,7401,802,3886,1483,591,1084,612,,,,,,,,,,,,,,,
RELN,AR,2402,1510,2143,3701,2804,3440,1011,2406,2767,2598,,,,,,,,,,,,,,,
RLBP1,AR,1164,1290,882,,1021,6296,3020,1138,1505,587,,,,,,,,,,,,,,,
RMRP,AR,430,3583,582,,,56,,708,1206,525,CHH in GenIE,,,,,,,,,,,,,,
RNASEH2A,AR,2125,300,2700,7402,2453,728,3032,3512,4473,3452,,,,,,,,,,,,,,,
RNASEH2B,AR,166,505,180,846,458,824,161,145,182,180,,,,,,,,,,,,,,,
RNASEH2C,AR,4276,4665,14889,,5549,,3032,7007,589,2603,,,,,,,,,,,,,,,
ROBO3,AR,839,101,241,2786,908,1691,3032,1072,995,956,,,,,,,,,,,,,,,
RP2,XL,4000,,,,,,,,,,4000,Jeen Health,,,,,,,,,,,,,
RPE65,AR,415,239,205,1481,424,1104,1011,434,475,467,,,,,,,,,,,,,,,
RPGR,XL,3000,,,,,,,,,,3000,Jeen Health,,,,,,,,,,,,,
RPGRIP1,AR,550,451,469,765,355,1075,303,601,269,643,,,,,,,,,,,,,,,
RPGRIP1L,AR,565,319,554,14803,289,1709,1514,614,371,587,,,,,,,,,,,,,,,
RS1,XL,2500,,,,,,,,,,2500,Jeen Health,,,,,,,,,,,,,
RTEL1,AR,1006,912,1299,117,1600,1117,760,1245,1017,692,,,,,,,,,,,,,,,
RXYLT1,AR,1543,647,1003,,11113,11677,1451,1594,1357,1289,,,,,,,,,,,,,,,
RYR1,AR,183,213,218,133,273,234,330,172,329,162,,,,,,,,,,,,,,,
SACS,AR,402,478,534,982,561,1333,753,375,352,377,,,,,,,,,,,,,,,
SAMD9,AR,7205,464,10000,,,,,28088,45512,5209,,,,,,,,,,,,,,,
SAMHD1,AR,980,1387,2500,2114,4488,16003,3008,823,1980,1077,,,,,,,,,,,,,,,
SBDS,AR,119,217,136,225,100,50,234,122,120,130,,,,,,,,,,,,,,,
SCO2,AR,743,3748,6001,218,1021,49,1512,1696,2397,844,,,,,,,,,,,,,,,
SEC23B,AR,465,937,353,2111,774,1334,250,425,548,473,,,,,,,,,,,,,,,
SEMA4A,AR,1723,1781,1860,3701,1556,6371,1485,1716,1084,1560,,,,,,,,,,,,,,,
SEPSECS,AR,995,1495,910,1458,1703,125,1515,1435,2365,738,,,,,,,,,,,,,,,
SERPINA1,AR,10,45,12,20,488,19,64,8,496,11,,,,,,,,,,,,,,,
SFTPB,AR,911,1561,1578,2960,3654,31675,3030,742,2503,1951,,,,,,,,,,,,,,,
SGCA,AR,363,408,440,261,161,291,380,376,494,363,,,,,,,,,,,,,,,
SGCB,AR,658,820,2268,803,1666,1724,2999,561,1686,1308,,,,,,,,,,,,,,,
SGCD,AR,5644,3096,29015,14788,5474,3555,,5418,14550,10371,,,,,,,,,,,,,,,
SGCG,AR,1639,1772,715,2445,4487,10661,758,1671,2025,886,,,,,,,,,,,,,,,
SGSH,AR,247,670,434,7374,897,634,1248,203,526,471,,,,,,,,,,,,,,,
SH3TC2,AR,308,595,1071,3702,680,562,1011,267,328,377,,,,,,,,,,,,,,,
SKIC2,AR,490,486,341,6768,477,1300,504,449,951,774,,,,,,,,,,,,,,,
SKIC3,AR,475,707,937,478,330,2285,304,483,219,530,,,,,,,,,,,,,,,
SLC12A1,AR,798,931,280,1481,800,1141,606,851,688,887,,,,,,,,,,,,,,,
SLC12A3,AR,96,193,140,102,26,399,179,92,199,130,,,,,,,,,,,,,,,
SLC12A6,AR,2256,3741,1000,1828,2235,2910,969,2325,2667,2218,,,,,,,,,,,,,,,
SLC16A2,XL,500,,,,,,,,,,>500,Jeen Health,,,,,,,,,,,,,
SLC17A5,AR,478,1039,567,4906,1313,105,3032,501,1682,432,,,,,,,,,,,,,,,
SLC19A2,AR,3486,3738,2683,1850,3178,,1514,3753,1736,3125,,,,,,,,,,,,,,,
SLC19A3,AR,1500,2082,1151,14802,2494,465,,1653,1380,1250,,,,,,,,,,,,,,,
SLC1A4,AR,2101,4682,732,105,4263,32008,1011,4198,3437,1008,,,,,,,,,,,,,,,
SLC22A5,AR,105,324,190,337,105,243,276,90,153,129,,,,,,,,,,,,,,,
SLC25A13,AR,577,747,1154,4934,57,6273,506,760,437,890,,,,,,,,,,,,,,,
SLC25A15,AR,1926,3124,910,7402,1497,3557,3043,1954,1898,1736,,,,,,,,,,,,,,,
SLC25A20,AR,1601,669,1154,14801,522,32014,2916,1763,4139,1041,,,,,,,,,,,,,,,
SLC26A2,AR,185,726,219,225,297,101,380,168,747,226,,,,,,,,,,,,,,,
SLC26A3,AR,720,778,1873,4929,468,96,1488,953,1897,1201,,,,,,,,,,,,,,,
SLC26A4,AR,74,178,138,72,74,669,119,68,65,75,,,,,,,,,,,,,,,
SLC27A4,AR,1003,1629,1364,,2799,532,,904,4554,1077,,,,,,,,,,,,,,,
SLC35A3,AR,3308,3397,2857,406,3140,2256,2891,4206,2947,3808,,,,,,,,,,,,,,,
SLC37A4,AR,158,,,71,,,,,,,158,Jeen Health,,,,,,,,,,,,,
SLC38A8,AR,1326,735,1184,,432,1772,1342,1685,534,1247,,,,,,,,,,,,,,,
SLC39A4,AR,721,371,1707,2429,1153,233,986,736,2480,989,,,,,,,,,,,,,,,
SLC45A2,AR,339,395,625,529,548,247,1012,306,3036,326,,,,,,,,,,,,,,,
SLC46A1,AR,3764,3404,1191,,2480,4441,2996,4570,1678,7794,,,,,,,,,,,,,,,
SLC4A11,AR,1037,796,1500,987,679,2122,759,1058,885,887,,,,,,,,,,,,,,,
SLC51A,AR,,,,,,,,,,,極低,,,,,,,,,,,,,,
SLC5A5,AR,1852,663,909,400,976,31379,3043,2399,3249,1297,,,,,,,,,,,,,,,
SLC6A19,AR,123,274,546,673,640,254,1012,100,524,197,,,,,,,,,,,,,,,
SLC6A8,XL,3434,,,,,,,,,,3434,Jeen Health,,,,,,,,,,,,,
SLC7A7,AR,984,1103,3750,2961,576,117,756,1537,1060,1116,,,,,,,,,,,,,,,
SMARCAL1,AR,760,1389,2307,228,2237,970,,697,1624,801,,,,,,,,,,,,,,,
SMPD1,AR,395,535,301,98,844,2218,335,412,339,306,,,,,,,,,,,,,,,
SNAP29,AR,4334,7483,1429,,1247,,,8797,945,1158,,,,,,,,,,,,,,,
SPATA7,AR,617,780,1565,7386,59,2455,1512,812,622,709,,,,,,,,,,,,,,,
SPG11,AR,264,347,333,380,351,582,200,248,242,274,,,,,,,,,,,,,,,
SPG7,AR,136,235,233,1049,539,314,424,121,118,140,,,,,,,,,,,,,,,
SPR,AR,1556,3059,913,4608,2077,6088,756,1412,5440,1291,,,,,,,,,,,,,,,
SRD5A2,AR,400,314,643,4879,98,10302,418,454,193,419,,,,,,,,,,,,,,,
ST3GAL5,AR,1551,1612,1600,888,517,3714,,1662,3494,1435,,,,,,,,,,,,,,,
STAR,AR,1133,1627,555,14804,379,497,1518,1350,875,1562,,,,,,,,,,,,,,,
STX11,AR,7829,37534,1429,,22444,7648,,9516,3504,31244,,,,,,,,,,,,,,,
STXBP2,AR,549,839,2537,368,1510,8979,,468,1078,656,,,,,,,,,,,,,,,
SUMF1,AR,1100,735,1752,247,2245,3200,,1173,1008,844,,,,,,,,,,,,,,,
SUOX,AR,1498,1340,1250,7403,576,15996,3032,1525,1752,1042,,,,,,,,,,,,,,,
SURF1,AR,367,414,332,1081,666,925,3028,344,309,432,,,,,,,,,,,,,,,
SYN1,XL,50000,,,,,,,,,,>50000,Jeen Health,,,,,,,,,,,,,
SYNE4,AR,398,812,1627,2905,1599,3990,754,324,994,508,,,,,,,,,,,,,,,
TAFAZZIN,XL,225000,,,,,,,,,,225000,慧智,,,,,,,,,,,,,
TANGO2,AR,2368,1259,628,14633,5476,7483,,3219,784,2044,,,,,,,,,,,,,,,
TAT,AR,1891,2883,3333,1639,2398,5110,1011,1839,1226,1642,,,,,,,,,,,,,,,
TBC1D24,AR,903,1290,385,1055,879,1005,760,925,1331,800,,,,,,,,,,,,,,,
TBCD,AR,1127,1198,569,3640,1353,1867,1505,1211,582,1067,,,,,,,,,,,,,,,
TBCE,AR,995,1629,1999,4934,1247,3199,506,912,859,867,,,,,,,,,,,,,,,
TCIRG1,AR,601,890,348,344,768,827,1259,593,833,554,,,,,,,,,,,,,,,
TCN2,AR,944,1499,1500,14805,2806,4574,,785,2531,1302,,,,,,,,,,,,,,,
TECPR2,AR,1682,4678,4049,145,1867,1788,1519,2108,2041,1052,,,,,,,,,,,,,,,
TECTA,AR,584,595,423,871,680,1956,1518,550,747,680,,,,,,,,,,,,,,,
TERT,AR,2533,2642,3303,7342,4139,610,,3553,684,7774,,,,,,,,,,,,,,,
TF,AR,3000,2204,3335,14805,5611,2002,1497,3042,3783,2233,,,,,,,,,,,,,,,
TFR2,AR,899,981,491,7170,2219,4248,1006,844,1267,770,,,,,,,,,,,,,,,
TG,AR,225,163,250,149,247,305,506,224,314,217,,,,,,,,,,,,,,,
TGM1,AR,260,286,407,987,258,183,433,248,432,252,,,,,,,,,,,,,,,
TH,AR,885,825,1035,2895,387,6231,742,867,827,1029,,,,,,,,,,,,,,,
THOC2,XL,50000,,,,,,,,,,>50000,Jeen Health,,,,,,,,,,,,,
TJP2,AR,1104,1040,1012,1642,1066,2586,,1286,640,1701,,,,,,,,,,,,,,,
TK2,AR,819,812,291,823,856,286,,1021,791,727,,,,,,,,,,,,,,,
TMC1,AR,308,468,768,1846,394,100,433,306,758,267,,,,,,,,,,,,,,,
TMEM216,AR,1496,3392,2897,105,3742,,3042,1808,11386,821,,,,,,,,,,,,,,,
TMEM67,AR,285,589,621,180,302,1451,506,255,331,319,,,,,,,,,,,,,,,
TMPRSS3,AR,91,332,161,128,271,562,606,76,238,100,,,,,,,,,,,,,,,
TNXB,AR,394,457,540,48,279,452,604,459,689,346,,,,,,,,,,,,,,,
TPO,AR,247,370,247,264,267,168,413,241,332,242,,,,,,,,,,,,,,,
TPP1,AR,241,735,577,1851,1321,478,507,195,1424,360,,,,,,,,,,,,,,,
TRDN,AR,274,141,333,1438,364,680,329,332,80,232,,,,,,,,,,,,,,,
TREX1,AR,521,670,1035,1481,607,1873,761,492,321,568,,,,,,,,,,,,,,,
TRIM32,AR,3322,3409,2001,926,3740,8004,1004,3534,3503,3907,,,,,,,,,,,,,,,
TRIM37,AR,728,2490,1124,1850,924,64,757,1236,1873,1235,,,,,,,,,,,,,,,
TRIP11,AR,453,733,1020,1138,935,395,503,413,771,367,,,,,,,,,,,,,,,
TRMU,AR,764,1284,1501,7402,1592,7317,1004,724,327,1075,,,,,,,,,,,,,,,
TRPM1,AR,499,441,353,7402,271,2892,217,506,368,679,,,,,,,,,,,,,,,
TSEN54,AR,303,581,731,1129,1200,725,758,252,792,439,,,,,,,,,,,,,,,
TSFM,AR,543,1165,1541,14804,2036,39,716,1135,4744,711,,,,,,,,,,,,,,,
TSHB,AR,1267,7494,29986,14797,2493,16010,,985,11384,1953,,,,,,,,,,,,,,,
TSHR,AR,424,750,667,7401,122,10654,337,393,759,625,,,,,,,,,,,,,,,
TTN,AR,77,38,71,114,64,182,54,81,61,78,,,,,,,,,,,,,,,
TTPA,AR,967,1552,1186,1051,2454,4322,,845,4132,674,,,,,,,,,,,,,,,
TULP1,AR,840,1335,1116,4362,637,190,3032,961,684,964,,,,,,,,,,,,,,,
TYMP,AR,570,505,825,831,3598,1892,2762,493,1562,884,,,,,,,,,,,,,,,
TYR,AR,119,257,149,32,120,411,152,118,174,80,,,,,,,,,,,,,,,
TYRP1,AR,633,75,362,3694,1181,2462,1517,1056,1059,625,,,,,,,,,,,,,,,
UBR1,AR,1711,1338,1872,7397,5605,3998,2977,1642,1463,1420,,,,,,,,,,,,,,,
UGT1A1,AR,992,1171,2000,,229,16006,607,1261,319,782,,,,,,,,,,,,,,,
UNC13D,AR,408,1117,1079,1231,542,1823,374,344,749,736,,,,,,,,,,,,,,,
UPF3B,XL,50000,,,,,,,,,,>50000,Jeen Health,,,,,,,,,,,,,
USH1C,AR,294,53,545,228,495,1360,430,352,874,304,,,,,,,,,,,,,,,
USH1G,AR,3461,5323,1579,,2146,7121,2231,3492,3749,3109,,,,,,,,,,,,,,,
USH2A,AR,60,93,57,40,61,159,82,56,87,61,,,,,,,,,,,,,,,
VDR,AR,4541,2496,1407,,5610,8005,1497,5608,2229,5207,,,,,,,,,,,,,,,
VLDLR,AR,2482,1629,7502,1234,2422,5333,1515,2413,3795,2604,,,,,,,,,,,,,,,
VPS11,AR,2996,4165,7496,203,5612,7954,3032,3754,6351,3123,,,,,,,,,,,,,,,
VPS13A,AR,437,456,355,397,559,739,757,428,406,494,,,,,,,,,,,,,,,
VPS13B,AR,291,367,566,243,262,134,217,299,313,322,,,,,,,,,,,,,,,
VPS45,AR,2769,4670,4919,3701,1487,6395,,2781,1418,3471,,,,,,,,,,,,,,,
VPS53,AR,1596,1617,3749,14805,2005,1139,1516,1531,1537,1937,,,,,,,,,,,,,,,
VRK1,AR,1758,3397,267,255,3736,10505,985,2607,7426,946,,,,,,,,,,,,,,,
VSX2,AR,3685,4680,2737,14800,2723,2771,433,3825,4264,3860,,,,,,,,,,,,,,,
WAS,XL,125000,,,,,,,,,,125000,Jeen Health,,,,,,,,,,,,,
WDR19,AR,524,410,490,2439,488,2638,1504,489,666,651,,,,,,,,,,,,,,,
WFS1,AR,259,421,288,37,432,542,302,277,372,214,,,,,,,,,,,,,,,
WHRN,AR,2446,2082,3022,7004,1716,3313,757,2662,1130,2601,,,,,,,,,,,,,,,
WNT10A,AR,263,982,1211,,628,2969,3018,209,723,411,,,,,,,,,,,,,,,
WRN,AR,445,594,395,337,178,887,495,467,420,259,,,,,,,,,,,,,,,
XPA,AR,914,1872,2998,14799,422,165,3015,1109,981,1247,,,,,,,,,,,,,,,
XPC,AR,1194,781,1064,672,1312,1326,504,1275,1105,1200,,,,,,,,,,,,,,,
ZBTB24,AR,2395,4162,6002,7402,4489,401,,2771,3252,3472,,,,,,,,,,,,,,,
ZDHHC9,XL,50000,,,,,,,,,,>50000,Jeen Health,,,,,,,,,,,,,
ZFYVE26,AR,756,1682,1251,3701,642,1973,3032,677,786,887,,,,,,,,,,,,,,,
ZNF469,AR,4239,3017,,7163,10222,3197,,4000,3812,10015,,,,,,,,,,,,,,,
ZNF711,XL,50000,,,,,,,,,,>50000,Jeen Health,,,,,,,,,,,,,
SMN1,AR,54,72,,67,59,,,47,,,54,Fulgent,v,,,,,,,,,,,,
