GENE,CONDITION,Inheritance,POPULATION,CARRIER_FREQUENCY,flugent
AAAS,Achalasia-addisonianism-alacrimia syndrome,AR,General Population,<1 in 500,
ABCA12,"Congenital ichthyosis, ABCA12-related",AR,General Population,<1 in 500,
ABCA3,"Surfactant metabolism dysfunction, pulmonary 3",AR,General Population,1 in 116,
ABCA4,Stargardt disease,AR,General Population,1 in 51,
ABCA4,Cone-rod dystrophy (ABCA4),AR,Ashkenazi Jewish Population,1 in 20,
ABCA4,Cone-rod dystrophy (ABCA4),AR,Middle Eastern Population,1 in 24,
ABCA4,Cone-rod dystrophy (ABCA4),AR,South Asian Population,1 in 36,
ABCA4,Cone-rod dystrophy (ABCA4),AR,Latino / Admixed American Population,1 in 81,
ABCA4,Cone-rod dystrophy (ABCA4),AR,European (Non-Finnish) Population,1 in 126,
ABCA4,Cone-rod dystrophy (ABCA4),AR,Finnish Population,1 in 280,
ABCA4,Cone-rod dystrophy (ABCA4),AR,African / African American Population,1 in 415,
ABCA4,Cone-rod dystrophy (ABCA4),AR,East Asian Population,1 in 548,
ABCB11,Progressive familial intrahepatic cholestasis,AR,General Population,1 in 112,
ABCB4,Progressive familial intrahepatic cholestasis,AR,General Population,<1 in 500,
ABCC2,Dubin-Johnson syndrome,AR,General Population,<1 in 500,
ABCC6,Pseudoxanthoma Elasticum,AR,General Population,1 in 79,
ABCC8,Familial hyperinsulinism,AR,General Population,1 in 112,
ABCD1,X-linked Adrenoleukodystrophy,XL,General Population,"1 in 21,000",
ABCD4,"Methylmalonic aciduria and homocystinuria, cblJ type",AR,General Population,<1 in 500,
ABCG5,Sitosterolemia 2,AR,General Population,<1 in 500,
ACAD9,Acyl-CoA dehydrogenase-9 (ACAD9) deficiency,AR,General Population,<1 in 500,
ACADM,Medium-chain acyl-CoA dehydrogenase (MCAD) deficiency,AR,General Population,1 in 69,
ACADS,Short-chain acyl-coA dehydrogenase (SCAD) deficiency,AR,General Population,1 in 85,
ACADSB,Short branched chain acyl-CoA dehydrogenase (SBCAD) deficiency,AR,General Population,1 in 368,
ACADVL,Very long-chain acyl-CoA dehydrogenase (VLCAD) deficiency,AR,General Population,1 in 118,
ACADVL,Very long-chain acyl-CoA dehydrogenase deficiency,AR,European (Non-Finnish) Population,1 in 161,
ACADVL,Very long-chain acyl-CoA dehydrogenase deficiency,AR,East Asian Population,1 in 203,
ACADVL,Very long-chain acyl-CoA dehydrogenase deficiency,AR,Latino / Admixed American Population,1 in 360,
ACADVL,Very long-chain acyl-CoA dehydrogenase deficiency,AR,Finnish Population,1 in 411,
ACADVL,Very long-chain acyl-CoA dehydrogenase deficiency,AR,African / African American Population,1 in 638,
ACADVL,Very long-chain acyl-CoA dehydrogenase deficiency,AR,Ashkenazi Jewish Population,"1 in 2,613",
ACAT1,3-ketothiolase deficiency,AR,General Population,<1 in 500,
ACOX1,Peroxisomal acyl-CoA oxidase deficiency,AR,General Population,<1 in 500,
ACSF3,Combined malonic and methylmalonic aciduria,AR,General Population,<1 in 500,
ADA,Adenosine deaminase deficiency,AR,General Population,1 in 224,
ADA,SCID (ADA deficiency),AR,Latino / Admixed American Population,1 in 508,
ADA,SCID (ADA deficiency),AR,African / African American Population,1 in 531,
ADA,SCID (ADA deficiency),AR,Middle Eastern Population,"1 in 1,442",
ADA,SCID (ADA deficiency),AR,European (Non-Finnish) Population,"1 in 3,630",
ADA,SCID (ADA deficiency),AR,South Asian Population,"1 in 4,313",
ADA,SCID (ADA deficiency),AR,Ashkenazi Jewish Population,"1 in 6,534",
ADA,SCID (ADA deficiency),AR,East Asian Population,"1 in 9,925",
ADAMTS13,Familial Thrombotic Thrombocytopenic Purpura,AR,General Population,1 in 77,
ADAMTS2,"Ehlers-Danlos syndrome, dermatosparaxis type",AR,General Population,<1 in 500,
ADAMTSL4,ADAMTSL4-related eye disorders,AR,General Population,< 1 in 500,
ADGRG1,Bilateral frontoparietal polymicrogyria,AR,General Population,<1 in 500,
ADGRV1,"Usher syndrome, type IIC",AR,General Population,<1 in 500,
ADK,Hypermethioninemia due to adenosine kinase deficiency,AR,General Population,<1 in 500,
AFF2,Fragile XE syndrome,XL,General Population,"<1 in 50,000",
AGA,Aspartylglucosaminuria,AR,General Population,<1 in 500,
AGL,Glycogen storage disease type III,AR,General Population,1 in 158,
AGPS,"Rhizomelic chondrodysplasia punctata, type 3",AR,General Population,<1 in 500,
AGXT,Primary hyperoxaluria type 1,AR,General Population,1 in 120,
AHCY,Hypermethioninemia due to deficiency of S-adenosylhomocysteine hydrolase,AR,General Population,<1 in 500,
AHI1,"Joubert syndrome, AHI1-related",AR,General Population,1 in 448,
AIMP1,Hypomyelinating leukodystrophy 3,AR,General Population,<1 in 500,
AIPL1,"Childhood-onset severe retinal dystrophy, AIPL1-related",AR,General Population,1 in 409,
AIPL1,,AR,European (Non-Finnish) Population,1 in 738,
AIPL1,,AR,African / African American Population,"1 in 2,308",
AIPL1,,AR,South Asian Population,"1 in 2,537",
AIPL1,,AR,East Asian Population,"1 in 6,617",
AIPL1,,AR,Finnish Population,"1 in 11,467",
AIRE,Autoimmune polyendocrinopathy syndrome type I,AR,General Population,1 in 150,
ALDH3A2,Sjögren-Larsson syndrome,AR,General Population,1 in 250,
ALDH4A1,Hyperprolinemia type II,AR,General Population,<1 in 500,
ALDH7A1,Pyridoxine-dependent epilepsy,AR,General Population,<1 in 500,
ALDOB,Hereditary fructose intolerance,AR,General Population,1 in 122,
ALG1,Congenital disorder of glycosylation type Ik,AR,General Population,<1 in 500,
ALG13,ALG13-related conditions,XL,General Population,"<1 in 50,000",
ALG6,Congenital disorder of glycosylation type Ic,AR,General Population,<1 in 500,
ALMS1,Alstrom syndrome,AR,General Population,1 in 500,
ALPL,Hypophosphatasia,AR,General Population,1 in 158,
AMN,Megaloblastic anemia 1,AR,General Population,<1 in 500,
AMT,Glycine encephalopathy,AR,General Population,1 in 373,
ANO10,Spinocerebellar ataxia 10,AR,General Population,1 in 93,
AP1S1,MEDNIK syndrome,AR,General Population,<1 in 500,
AP1S2,"X-linked Intellectual disability, AP1S2-related",XL,General Population,"<1 in 50,000",
AQP2,"Diabetes insipidus, nephrogenic, 2",AR,General Population,<1 in 500,
AR,Androgen insensitivity syndrome,XL,General Population,"1 in 14,286",
ARG1,Arginase deficiency,AR,General Population,1 in 296,
ARL13B,"Joubert syndrome, ARL13B-related",AR,General Population,<1 in 500,
ARL6,ARL6-related disorders,AR,General Population,<1 in 500,
ARSA,Metachromatic leukodystrophy,AR,General Population,1 in 100,
ARSB,Mucopolysaccharidosis type VI (Maroteaux-Lamy syndrome),AR,General Population,1 in 250,
ARX,"X-linked intellectual disability, ARX-related",XL,General Population,"<1 in 50,000",
ASL,Argininosuccinate lyase deficiency,AR,General Population,1 in 132,
ASNS,Asparagine synthetase deficiency,AR,General Population,<1 in 500,
ASPA,Canavan disease,AR,General Population,1 in 300,
ASS1,Citrullinemia,AR,General Population,1 in 119,
ATM,Ataxia-telangiectasia,AR,General Population,1 in 100,
ATM,Ataxia-telangiectasia,AR,European (Non-Finnish) Population,1 in 591,
ATM,Ataxia-telangiectasia,AR,South Asian Population,"1 in 1,725",
ATM,Ataxia-telangiectasia,AR,East Asian Population,"1 in 6,607",
ATM,Ataxia-telangiectasia,AR,Latino / Admixed American Population,"1 in 7,453",
ATM,Ataxia-telangiectasia,AR,African / African American Population,"1 in 10,354",
ATM,Ataxia-telangiectasia,AR,Finnish Population,"1 in 13,355",
ATP6V1B1,Renal tubular acidosis with deafness,AR,General Population,<1 in 500,
ATP7A,Menkes disease,XL,General Population,"1 in 50,000",
ATP7B,Wilson disease,AR,General Population,1 in 87,
ATP8B1,Progressive familial intrahepatic cholestasis,AR,General Population,<1 in 500,
ATRX,No carrier-frequency data published,XL,-,,"<1 in 250,000"
AVPR2,Nephrogenic diabetes insipidus,XL,General Population,"<1 in 50,000",
BBS1,Bardet-Biedl syndrome type 1,AR,General Population,1 in 367,
BBS10,Bardet-Biedl syndrome type 10,AR,General Population,1 in 395,
BBS12,Bardet-Biedl syndrome type 12,AR,General Population,1 in 791,
BBS2,BBS2-related ciliopathies,AR,General Population,1 in 621,
BBS4,Bardet-Biedl syndrome 4,AR,General Population,<1 in 500,
BBS5,Bardet-Biedl syndrome 5,AR,General Population,<1 in 500,
BBS7,Bardet-Biedl syndrome 7,AR,General Population,<1 in 500,
BBS9,Bardet-Biedl syndrome 9,AR,General Population,<1 in 500,
BCHE,Butyrylcholinesterase deficiency,AR,General Population,1 in 28,
BCKDHA,Maple syrup urine disease type Ia,AR,General Population,1 in 321,
BCKDHB,Maple syrup urine disease type Ib,AR,General Population,1 in 364,
BCS1L,Mitochondrial complex III deficiency,AR,General Population,<1 in 500,
BLM,Bloom syndrome,AR,General Population,1 in 800,
BLOC1S3,Hermansky-Pudlak syndrome 8,AR,General Population,<1 in 500,
BLOC1S6,Hermansky-Pudlak syndrome 9,AR,General Population,<1 in 500,
BMP1,"Osteogenesis imperfecta, type XIII",AR,General Population,<1 in 500,
BRIP1,Fanconi anemia group J,AR,General Population,<1 in 500,
BRWD3,"X-linked intellectual disability, BRWD3-related",XL,General Population,"<1 in 50,000",
BSND,Bartter syndrome type 4a,AR,General Population,<1 in 500,
BTD,Biotinidase deficiency,AR,General Population,1 in 124,
BTK,X-linked agammaglobulinemia,XL,General Population,"<1 in 50,000",
CAD,Early Infantile Epileptic Encephalopathy 50,AR,General Population,<1 in 500,
CANT1,Desbuquois dysplasia 1,AR,General Population,<1 in 500,
CAPN3,Limb-girdle muscular dystrophy type 2A,AR,General Population,<1 in 500,
CAPN3,Limb-girdle muscular dystrophy type 2A,AR,Finnish Population,1 in 49,
CAPN3,Limb-girdle muscular dystrophy type 2A,AR,Middle Eastern Population,1 in 160,
CAPN3,Limb-girdle muscular dystrophy type 2A,AR,Ashkenazi Jewish Population,1 in 187,
CAPN3,Limb-girdle muscular dystrophy type 2A,AR,Latino / Admixed American Population,1 in 258,
CAPN3,Limb-girdle muscular dystrophy type 2A,AR,East Asian Population,1 in 280,
CAPN3,Limb-girdle muscular dystrophy type 2A,AR,African / African American Population,1 in 441,
CAPN3,Limb-girdle muscular dystrophy type 2A,AR,South Asian Population,1 in 708,
CASQ2,Catecholaminergic polymorphic ventricular tachycardia,AR,General Population,1 in 224,
CBS,Homocystinuria due to cystathionine beta-synthase deficiency,AR,General Population,1 in 224,
CC2D1A,Autosomal recessive intellectual developmental disorder 3,AR,General Population,<1 in 500,
CC2D2A,Joubert syndrome 9,AR,General Population,1 in 201,
CCDC39,"Primary ciliary dyskinesia, type 14",AR,General Population,1 in 211,
CCDC88C,Congenital hydrocephalus 1,AR,General Population,1 in 137,
CD3D,Severe Combined Immunodeficiency,AR,General Population,<1 in 500,
CD3E,Severe Combined Immunodeficiency,AR,General Population,<1 in 500,
CD40,Immunodeficiency with Hyper IgM syndrome,AR,General Population,<1 in 500,
CD40LG,"Hyper IgM syndrome, X-linked",XL,General Population,"1 in 50,000",
CD59,CD59 deficiency,AR,General Population,<1 in 500,
CDH23,"Usher syndrome, type 1D",AR,General Population,1 in 285,
CDH23,Usher syndrome type 1,AR,East Asian Population,1 in 196,
CDH23,Usher syndrome type 1,AR,African / African American Population,"1 in 1,727",
CDH23,Usher syndrome type 1,AR,South Asian Population,"1 in 10,746",
CDH23,Usher syndrome type 1,AR,European (Non-Finnish) Population,"1 in 50,520",
CEP152,CEP152-related disorders,AR,General Population,<1 in 500,
CEP290,CEP290-related Ciliopathies,AR,General Population,1 in 190,
CERKL,Retinitis pigmentosa 26,AR,General Population,1 in 148,
CFTR,Cystic Fibrosis,AR,General Population,1 in 32,
CFTR,Cystic fibrosis,AR,Finnish Population,1 in 72,
CFTR,Cystic fibrosis,AR,South Asian Population,1 in 72,
CFTR,Cystic fibrosis,AR,Middle Eastern Population,1 in 113,
CHAT,Congenital myasthenic syndrome 6,AR,General Population,1 in 197,
CHM,Choroideremia,XL,General Population,"1 in 25,000",
CHRNE,Congenital myasthenic syndrome,AR,General Population,1 in 408,
CHRNG,Multiple pterygium syndrome,AR,General Population,<1 in 500,
CHST6,"Macular corneal dystrophy, CHST6-related",AR,General Population,1 in 79,
CIITA,"Bare lymphocyte syndrome, type II",AR,General Population,<1 in 500,
CLCN1,Autosomal recessive congenital myotonia,AR,General Population,1 in 176,
CLCNKB,Bartter syndrome type 3,AR,General Population,<1 in 500,
CLN3,Neuronal ceroid lipofuscinosis,AR,General Population,1 in 230,
CLN5,Neuronal ceroid lipofuscinosis 5,AR,General Population,<1 in 500,
CLN6,"Neuronal ceroid lipofuscinosis, CLN6-related",AR,General Population,<1 in 500,
CLN8,"Neuronal ceroid lipofuscinosis, CLN8-related",AR,General Population,<1 in 500,
CLRN1,"Usher syndrome, type 3A",AR,General Population,1 in 500,
CNGA1,"Retinitis Pigmentosa, CNGA1-related",AR,General Population,1 in 210,
CNGA3,CNGA3-related retinopathy,AR,General Population,<1 in 500,
CNGB1,"Retinitis Pigmentosa, CNGB1-related",AR,General Population,1 in 296,
CNGB3,Achromatopsia,AR,General Population,1 in 87,
COL11A2,COL11A2-related disorders,AR,General Population,<1 in 500,
COL17A1,Junctional epidermolysis bullosa,AR,General Population,<1 in 500,
COL1A2,No carrier-frequency data published,AD,-,,
COL27A1,Steel syndrome,AR,General Population,<1 in 500,
COL4A3,"Alport syndrome, COL4A3-related",AR,General Population,1 in 267,
COL4A4,"Alport syndrome, COL4A4-related",AR,General Population,1 in 267,
COL4A5,"Alport syndrome, COL4A5-related",XL,General Population,1 in 139,
COL7A1,Dystrophic epidermolysis bullosa,AR,General Population,1 in 196,
COX15,Mitochondrial complex IV deficiency,AR,General Population,<1 in 500,
CPS1,Carbamoylphosphate synthetase I deficiency,AR,General Population,1 in 570,
CPT1A,Carnitine palmitoyltransferase IA deficiency,AR,General Population,1 in 354,
CPT2,Carnitine palmitoyltransferase II deficiency,AR,General Population,<1 in 500,
CRB1,CRB1-related retinopathy,AR,General Population,1 in 104,
CRTAP,"Osteogenesis imperfecta, type VII",AR,General Population,<1 in 500,
CTNS,Cystinosis,AR,General Population,1 in 158,
CTSA,Galactosialidosis,AR,General Population,<1 in 500,
CTSC,Papillon-Lefevre syndrome,AR,General Population,<1 in 500,
CTSD,"Neuronal ceroid lipofuscinosis, CTSD-related",AR,General Population,<1 in 500,
CTSK,Pycnodysostosis,AR,General Population,<1 in 500,
CUL4B,"X-linked intellectual disability, CUL4B-related",XL,General Population,"<1 in 50,000",
CYBA,Chronic granulomatous disease,AR,General Population,1 in 224,
CYBB,"Chronic granulomatous disease, X-linked",XL,General Population,"1 in 149,254",
CYP11A1,Congenital adrenal insufficiency,AR,General Population,1 in 114,
CYP11B1,Congenital adrenal hyperplasia due to 11-beta-hydroxylase deficiency,AR,General Population,1 in 158,
CYP11B2,Corticosterone methyloxidase deficiency,AR,General Population,<1 in 500,
CYP17A1,Congenital adrenal hyperplasia due to 17-alpha-hydroxylase deficiency,AR,General Population,1 in 500,
CYP19A1,Aromatase deficiency,AR,General Population,<1 in 500,
CYP1B1,Primary congenital glaucoma,AR,General Population,1 in 50,
CYP1B1,Primary congenital glaucoma,AR,Middle Eastern Population,1 in 74,
CYP1B1,Primary congenital glaucoma,AR,Latino / Admixed American Population,1 in 232,
CYP1B1,Primary congenital glaucoma,AR,European (Non-Finnish) Population,1 in 263,
CYP1B1,Primary congenital glaucoma,AR,East Asian Population,1 in 496,
CYP1B1,Primary congenital glaucoma,AR,South Asian Population,1 in 636,
CYP1B1,Primary congenital glaucoma,AR,Finnish Population,"1 in 1,092",
CYP1B1,Primary congenital glaucoma,AR,African / African American Population,"1 in 1,220",
CYP1B1,Primary congenital glaucoma,AR,Ashkenazi Jewish Population,"1 in 6,491",
CYP21A2,Congenital adrenal hyperplasia due to 21-hydroxylase deficiency (Classical/Non-Classical),AR,General Population,1 in 10,
CYP21A2,Congenital adrenal hyperplasia due to 21-hydroxylase deficiency (Classical),AR,General Population,1 in 61,
CYP27A1,Cerebrotendinous xanthomatosis,AR,General Population,1 in 500,
CYP27B1,"Vitamin D–dependent rickets, type 1",AR,General Population,1 in 181,
CYP7B1,CYP7B1-Related Disorders,AR,General Population,<1 in 500,
DBT,"Maple syrup urine disease, type II",AR,General Population,1 in 481,
DCAF17,Woodhouse-Sakati syndrome,AR,General Population,<1 in 500,
DCLRE1C,Severe combined immunodeficiency with sensitivity to ionizing radiation,AR,General Population,<1 in 500,
DCLRE1C,,AR,Ashkenazi Jewish Population,"1 in 6,532",
DCLRE1C,,AR,African / African American Population,"1 in 6,910",
DCLRE1C,,AR,Latino / Admixed American Population,"1 in 7,432",
DCLRE1C,,AR,European (Non-Finnish) Population,"1 in 8,049",
DCLRE1C,,AR,East Asian Population,"1 in 9,923",
DCLRE1C,,AR,South Asian Population,"1 in 21,565",
DCX,"Lissencephaly, X-linked",XL,General Population,"1 in 42,500",
DDX11,Warsaw breakage syndrome,AR,General Population,<1 in 500,
DGAT1,Diarrhea 7 (protein-losing enteropathy type),AR,General Population,<1 in 500,
DGUOK,Mitochondrial DNA depletion syndrome 3,AR,General Population,<1 in 500,
DHCR7,Smith-Lemli-Opitz syndrome,AR,General Population,1 in 30,
DHDDS,Retinitis pigmentosa 59,AR,General Population,1 in 296,
DKC1,X-linked dyskeratosis congenita,XL,General Population,"<1 in 50,000",
DLD,Dihydrolipoamide dehydrogenase deficiency,AR,General Population,1 in 500,
DLG3,"X-linked intellectual disability, DLG3-related",XL,General Population,"<1 in 50,000",
DLL3,Spondylocostal dysostosis 1,AR,General Population,<1 in 500,
DMD,Dystrophinopathies,XL,General Population,"1 in 2,350",
DNAH11,Primary ciliary dyskinesia (DNAH11-related),AR,General Population,1 in 211,
DNAH5,"Primary ciliary dyskinesia, DNAH5-related",AR,General Population,1 in 142,
DNAI1,"Primary ciliary dyskinesia, DNAI1-related",AR,General Population,1 in 230,
DNAI2,"Primary ciliary dyskinesia, DNAI2-related",AR,General Population,1 in 447,
DNAL1,"Primary ciliary dyskinesia, DNAL1-related",AR,General Population,<1 in 500,
DNMT3B,ICF Syndrome,AR,General Population,<1 in 500,
DOK7,"Congenital myasthenic syndrome, DOK7-related",AR,General Population,1 in 472,
DPYD,Dihydropyrimidine dehydrogenase deficiency,AR,General Population,<1 in 500,
DUOX2,"Congenital hypothyroidism, DUOX2-related",AR,General Population,1 in 56,
DUOXA2,"Congenital hypothyroidism, DUOXA2-related",AR,General Population,<1 in 500,
DYNC2H1,Short-rib thoracic dysplasia 3 with or without polydactyly,AR,General Population,1 in 68,
DYSF,Limb-girdle muscular dystrophy type 2B,AR,General Population,<1 in 500,
DYSF,Limb-girdle muscular dystrophy type 2B (Miyoshi),AR,African / African American Population,1 in 290,
DYSF,Limb-girdle muscular dystrophy type 2B (Miyoshi),AR,European (Non-Finnish) Population,1 in 322,
DYSF,Limb-girdle muscular dystrophy type 2B (Miyoshi),AR,Latino / Admixed American Population,1 in 520,
DYSF,Limb-girdle muscular dystrophy type 2B (Miyoshi),AR,South Asian Population,1 in 633,
DYSF,Limb-girdle muscular dystrophy type 2B (Miyoshi),AR,Ashkenazi Jewish Population,1 in 871,
DYSF,Limb-girdle muscular dystrophy type 2B (Miyoshi),AR,Finnish Population,"1 in 2,953",
EDA,Hypohidrotic ectodermal dysplasia,XL,General Population,"1 in 14,167",
EIF2AK3,Wolcott-Rallison Syndrome,AR,General Population,<1 in 500,
EIF2B1,EIF2B1-related leukoencephalopathy with vanishing white matter,AR,General Population,<1 in 500,
EIF2B2,EIF2B2-related leukoencephalopathy with vanishing white matter,AR,General Population,<1 in 500,
EIF2B3,EIF2B3-related leukoencephalopathy with vanishing white matter,AR,General Population,<1 in 500,
EIF2B4,EIF2B4-related leukoencephalopathy with vanishing white matter,AR,General Population,<1 in 500,
EIF2B5,EIF2B5-related leukoencephalopathy with vanishing white matter,AR,General Population,<1 in 500,
ELP1,Familial Dysautonomia,AR,General Population,1 in 300,
EMD,Emery-Dreifuss muscular dystrophy,XL,General Population,"1 in 81,967",
EPG5,EPG5-related disorder,AR,General Population,<1 in 500,
ERBB3,ERBB3 deficiency,AR,General Population,<1 in 500,
ERCC2,ERCC2-related disorders,AR,General Population,1 in 65,
ERCC6,ERCC6-related disorders,AR,General Population,1 in 500,
ERCC8,Cockayne syndrome type A,AR,General Population,1 in 822,
ESCO2,Roberts syndrome,AR,General Population,<1 in 500,
ETFA,Glutaric aciduria IIA,AR,General Population,1 in 500,
ETFB,Glutaric aciduria IIB,AR,General Population,1 in 500,
ETFDH,Glutaric aciduria IIC,AR,General Population,1 in 250,
ETHE1,Ethylmalonic encephalopathy,AR,General Population,<1 in 500,
ETHE1,,AR,Latino / Admixed American Population,"1 in 1,720",
ETHE1,,AR,South Asian Population,"1 in 4,792",
ETHE1,,AR,African / African American Population,"1 in 10,359",
ETHE1,,AR,European (Non-Finnish) Population,"1 in 19,857",
EVC,EVC-related bone growth disorders,AR,General Population,1 in 142,
EVC2,EVC2-related bone growth disorders,AR,General Population,1 in 240,
EXOSC3,Pontocerebellar hypoplasia type 1B,AR,General Population,<1 in 500,
EYS,Retinitis pigmentosa 25,AR,General Population,1 in 66,
F11,Factor XI deficiency,AR,General Population,1 in 500,
F2,Prothrombin-related conditions,AR,General Population,1 in 33,
F5,Factor V deficiency,AR,General Population,1 in 36,
F8,Hemophilia A,XL,General Population,"1 in 3,250",
F8,Haemophilia A,AR,European (Non-Finnish) Population,"1 in 1,298",
F8,Haemophilia A,AR,Latino / Admixed American Population,"1 in 5,868",
F8,Haemophilia A,AR,African / African American Population,"1 in 7,658",
F8,Haemophilia A,AR,Finnish Population,"1 in 10,128",
F9,Hemophilia B,XL,General Population,"1 in 15,000",
F9,Haemophilia B,AR,European (Non-Finnish) Population,"1 in 27,770",
FAH,"Tyrosinemia, type 1",AR,General Population,1 in 99,
FAM161A,Retinitis pigmentosa 28,AR,General Population,1 in 296,
FANCA,Fanconi anemia group A,AR,General Population,1 in 239,
FANCB,Fanconi anemia group B,XL,General Population,"<1 in 50,000",
FANCC,Fanconi anemia group C,AR,General Population,1 in 535,
FANCD2,"Fanconi anemia, group D2",AR,General Population,<1 in 500,
FANCE,"Fanconi anemia, group E",AR,General Population,<1 in 500,
FANCG,Fanconi anemia group G,AR,General Population,1 in 632,
FANCI,"Fanconi anemia, group I",AR,General Population,<1 in 500,
FANCL,"Fanconi anemia, group L",AR,General Population,<1 in 500,
FBP1,"Fructose-1,6-bisphosphatase deficiency",AR,General Population,<1 in 500,
FBXO7,Parkinson disease 15,AR,General Population,<1 in 500,
FGD1,X-linked Aarskog-Scott syndrome,XL,General Population,"<1 in 50,000",
FH,Fumarase deficiency,AR,General Population,<1 in 500,
FHL1,FHL1-related neuromuscular disorders,XL,General Population,"<1 in 50,000",
FKBP10,Osteogenesis imperfecta type XI,AR,General Population,<1 in 500,
FKRP,FKRP Alpha-dystroglycanopathies,AR,General Population,1 in 158,
FKTN,FKTN Alpha-dystroglycanopathies,AR,General Population,1 in 500,
FMO3,Trimethylaminuria,AR,General Population,1 in 139,
FMR1,Fragile X Syndrome Intermediate Allele,XL,General Population,1 in 259,
FMR1,Fragile X Syndrome Premutation,XL,General Population,1 in 259,
FMR1,Fragile X Syndrome Full Mutation,XL,General Population,"1 in 11,111",
FOXN1,T-cell immunodeficiency with thymic aplasia,AR,General Population,<1 in 500,
FOXN1,,AR,European (Non-Finnish) Population,"1 in 24,161",
FOXRED1,Mitochondrial complex I deficiency,AR,General Population,<1 in 500,
FRAS1,Fraser syndrome,AR,General Population,1 in 250,
FREM2,Fraser syndrome,AR,General Population,1 in 354,
FTCD,Glutamate formiminotransferase deficiency,AR,General Population,<1 in 500,
FTSJ1,"X-linked intellectual disability, FTSJ1-related",XL,General Population,"<1 in 50,000",
FUCA1,Fucosidosis,AR,General Population,<1 in 500,
FXN,Friedreich ataxia,AR,General Population,1 in 80,
G6PC3,Severe congenital neutropenia 4,AR,General Population,<1 in 500,
G6PD,Glucose-6-phosphate dehydrogenase deficiency,XL,General Population,1 in 7,
GAA,Pompe disease,AR,General Population,1 in 100,
GAA,Pompe disease,AR,European (Non-Finnish) Population,1 in 53,
GAA,Pompe disease,AR,Ashkenazi Jewish Population,1 in 90,
GAA,Pompe disease,AR,African / African American Population,1 in 93,
GAA,Pompe disease,AR,Latino / Admixed American Population,1 in 140,
GAA,Pompe disease,AR,South Asian Population,1 in 153,
GAA,Pompe disease,AR,East Asian Population,1 in 208,
GAA,Pompe disease,AR,Middle Eastern Population,1 in 219,
GAA,Pompe disease,AR,Finnish Population,1 in 782,
GALC,Krabbe disease,AR,General Population,1 in 158,
GALE,Galactose epimerase deficiency,AR,General Population,<1 in 500,
GALK1,Galactokinase deficiency,AR,General Population,1 in 110,
GALNS,Mucopolysaccharidosis IVA (Morquio syndrome A),AR,General Population,1 in 224,
GALNT3,Familial hyperphosphatemic tumoral calcinosis,AR,General Population,<1 in 500,
GALT,Galactosemia,AR,General Population,1 in 110,
GAMT,Guanidinoacetate methyltransferase deficiency,AR,General Population,1 in 371,
GAMT,,,European (Non-Finnish) Population,1 in 377,
GAMT,,,South Asian Population,"1 in 1,862",
GAMT,,,East Asian Population,"1 in 2,248",
GAMT,,,African / African American Population,"1 in 2,305",
GAMT,,,Latino / Admixed American Population,"1 in 5,590",
GAMT,,,Finnish Population,"1 in 13,175",
GATM,Cerebral creatine deficiency syndrome 3,AR,General Population,<1 in 500,
GATM,Cerebral creatine deficiency (AGAT),,European (Non-Finnish) Population,"1 in 61,773",
GBE1,Glycogen storage disease IV,AR,General Population,1 in 387,
GCDH,"Glutaric aciduria, type I",AR,General Population,1 in 87,
GCH1,"Hyperphenylalaninemia (BH4-deficient, B)",AR,General Population,<1 in 500,
GDAP1,"Charcot-Marie-Tooth disease, GDAP1-related",AR,General Population,1 in 152,
GDF5,Du Pan Syndrome,AR,General Population,<1 in 500,
GFM1,"Combined oxidative phosphorylation deficiency, GFM1-related",AR,General Population,<1 in 500,
GH1,"Isolated growth hormone deficiency, type 1A",AR,General Population,<1 in 500,
GHR,Growth hormone insensitivity syndrome,AR,General Population,<1 in 500,
GJB1,"Charcot-Marie-Tooth disease, X-linked type 1",XL,General Population,1 in 667,
GJB2,Nonsyndromic hearing loss 1A,AR,General Population,1 in 42,
GJB2,"Deafness (GJB2-related, mild/moderate)",AR,East Asian Population,1 in 10,
GJB2,"Deafness (GJB2-related, mild/moderate)",AR,Finnish Population,1 in 15,
GJB6,No carrier-frequency data published,AR,-,,1 in 423
GLA,Fabry disease,XL,General Population,"1 in 25,000",
GLB1,GLB1-related disorders,AR,General Population,1 in 134,
GLDC,"Glycine encephalopathy, GLDC-related",AR,General Population,1 in 193,
GLE1,Lethal congenital contracture syndrome 1,AR,General Population,<1 in 500,
GNE,Inclusion body myopathy type 2 (Nonaka myopathy),AR,General Population,<1 in 500,
GNPAT,"Rhizomelic chondrodysplasia punctata, type 2",AR,General Population,<1 in 500,
GNPTAB,Mucolipidosis II & III,AR,General Population,<1 in 500,
GNPTG,Mucolipidosis III gamma,AR,General Population,<1 in 500,
GNRHR,"Hypogonadotropic hypogonadism, GNRHR-related",AR,General Population,1 in 347,
GNS,Mucopolysaccharidosis IIID (Sanfilippo syndrome D),AR,General Population,1 in 500,
GORAB,Geroderma osteodysplasticum,AR,General Population,<1 in 500,
GP1BA,Bernard-Soulier syndrome type A1,AR,General Population,1 in 500,
GP1BA,Bernard-Soulier syndrome,AR,Finnish Population,1 in 513,
GP1BA,Bernard-Soulier syndrome,AR,East Asian Population,"1 in 4,963",
GP1BA,Bernard-Soulier syndrome,AR,African / African American Population,"1 in 5,170",
GP1BA,Bernard-Soulier syndrome,AR,Latino / Admixed American Population,"1 in 5,591",
GP1BA,Bernard-Soulier syndrome,AR,European (Non-Finnish) Population,"1 in 9,422",
GP9,Bernard-Soulier syndrome type C,AR,General Population,1 in 500,
GP9,Bernard-Soulier syndrome,AR,Finnish Population,1 in 320,
GP9,Bernard-Soulier syndrome,AR,European (Non-Finnish) Population,1 in 589,
GP9,Bernard-Soulier syndrome,AR,South Asian Population,1 in 730,
GP9,Bernard-Soulier syndrome,AR,African / African American Population,"1 in 1,295",
GP9,Bernard-Soulier syndrome,AR,East Asian Population,"1 in 3,308",
GP9,Bernard-Soulier syndrome,AR,Latino / Admixed American Population,"1 in 5,589",
GPR143,"X-linked Ocular albinism, GPR143-related",XL,General Population,"1 in 25,000",
GRHPR,Primary hyperoxaluria type II,AR,General Population,<1 in 500,
GRIP1,Fraser syndrome,AR,General Population,1 in 84,
GSS,Glutathione synthetase deficiency,AR,General Population,<1 in 500,
GUCY2D,Leber congenital amaurosis 1,AR,General Population,<1 in 500,
GUCY2D,Leber congenital amaurosis (GUCY2D),AR,Finnish Population,1 in 121,
GUCY2D,Leber congenital amaurosis (GUCY2D),AR,European (Non-Finnish) Population,1 in 604,
GUCY2D,Leber congenital amaurosis (GUCY2D),AR,African / African American Population,"1 in 2,960",
GUCY2D,Leber congenital amaurosis (GUCY2D),AR,Latino / Admixed American Population,"1 in 3,176",
GUCY2D,Leber congenital amaurosis (GUCY2D),AR,South Asian Population,"1 in 7,171",
GUCY2D,Leber congenital amaurosis (GUCY2D),AR,East Asian Population,"1 in 9,924",
GUSB,Mucopolysaccharidosis type VII,AR,General Population,1 in 250,
HADH,Familial hyperinsulinemic hypoglycemia 4,AR,General Population,<1 in 500,
HADHA,HADHA-related long-chain hydroxyacyl-CoA dehydrogenase and trifunctional protein deficiency,AR,General Population,<1 in 500,
HADHB,HADHB-related trifunctional protein deficiency,AR,General Population,<1 in 500,
HAMP,"Hemochromatosis, type 2B",AR,General Population,<1 in 500,
HAX1,"Severe congenital neutropenia, HAX1-related",AR,General Population,1 in 224,
HBA1,No carrier-frequency data published,AR,General Population,,1 in 20
HBA1,No carrier-frequency data published,AR,African / African American Population,,1in 3
HBA1,No carrier-frequency data published,AR,Ashkenazi Jewish Population,,1 in 13
HBA1,No carrier-frequency data published,AR,East Asian Population,,1 in 8
HBA1,No carrier-frequency data published,AR,Middle Eastern Population,,1 in 3
HBA1,No carrier-frequency data published,AR,South Asian Population,,1 in 5
HBA2,No carrier-frequency data published,AR,General Population,,1 in 20
HBA2,No carrier-frequency data published,AR,African / African American Population,,1in 3
HBA2,No carrier-frequency data published,AR,Ashkenazi Jewish Population,,1 in 13
HBA2,No carrier-frequency data published,AR,East Asian Population,,1 in 8
HBA2,No carrier-frequency data published,AR,Middle Eastern Population,,1 in 3
HBA2,No carrier-frequency data published,AR,South Asian Population,,1 in 5
HBB,Hemoglobin E thalassemia,AR,General Population,1 in 158,
HBB,Sickle cell disease,AR,General Population,1 in 158,
HBB,Beta thalassemia,AR,General Population,1 in 158,
HBB,Hemoglobin C disease,AR,General Population,1 in 158,
HCFC1,"Methylmalonic acidemia with homocystinuria, type cblX",XL,General Population,"<1 in 50,000",
HEXA,Tay-Sachs disease,AR,General Population,1 in 300,
HEXB,Sandhoff disease,AR,General Population,1 in 600,
HFE,Hereditary Hemochromatosis,AR,General Population,1 in 10,
HGD,Alkaptonuria,AR,General Population,1 in 250,
HGSNAT,Mucopolysaccharidosis type IIIC (Sanfilippo syndrome C),AR,General Population,1 in 434,
HJV,"Hemochromatosis, type 2A",AR,General Population,1 in 500,
HLCS,Holocarboxylase synthetase deficiency,AR,General Population,1 in 500,
HMGCL,3-hydroxy-3-methylglutaryl-CoA lyase deficiency,AR,General Population,<1 in 500,
HMOX1,Heme oxygenase-1 deficiency,AR,General Population,<1 in 500,
HOGA1,Primary hyperoxaluria type III,AR,General Population,1 in 184,
HPD,Tyrosinemia type III,AR,General Population,<1 in 500,
HPRT1,HPRT1-related disorders: Lesch- Nyhan syndrome and Kelley- Seegmiller syndrome,XL,General Population,"<1 in 50,000",
HPS1,Hermansky-Pudlak syndrome 1,AR,General Population,1 in 354,
HPS3,Hermansky-Pudlak syndrome 3,AR,General Population,1 in 354,
HPS4,Hermansky-Pudlak syndrome 4,AR,General Population,<1 in 500,
HPS5,Hermansky-Pudlak syndrome 5,AR,General Population,<1 in 500,
HPS6,Hermansky-Pudlak syndrome 6,AR,General Population,<1 in 500,
HSD17B10,HSD10 mitochondrial disease,XL,General Population,"<1 in 50,000",
HSD17B3,17-Beta-Hydroxysteroid Dehydrogenase Deficiency,AR,General Population,1 in 192,
HSD17B4,D-bifunctional protein deficiency,AR,General Population,1 in 158,
HSD3B2,Congenital adrenal hyperplasia due to 3-beta-hydroxysteroid dehydrogenase 2 deficiency,AR,General Population,<1 in 500,
HSPD1,Hypomyelinating leukodystrophy 4,AR,General Population,<1 in 500,
HYAL1,Mucopolysaccharidosis type IX,AR,General Population,<1 in 500,
HYLS1,Hydrolethalus syndrome,AR,General Population,<1 in 500,
IDH3B,"Retinitis pigmentosa, IDH3B- related",AR,General Population,1 in 296,
IDS,Mucopolysaccharidosis type II (Hunter syndrome),XL,General Population,"1 in 50,000",
IDUA,"Mucopolysaccharidosis, type I (Hurler syndrome)",AR,General Population,<1 in 500,
IDUA,Mucopolysaccharidosis type I (Hurler),AR,Finnish Population,1 in 182,
IDUA,Mucopolysaccharidosis type I (Hurler),AR,Latino / Admixed American Population,1 in 542,
IDUA,Mucopolysaccharidosis type I (Hurler),AR,East Asian Population,1 in 661,
IDUA,Mucopolysaccharidosis type I (Hurler),AR,African / African American Population,1 in 826,
IDUA,Mucopolysaccharidosis type I (Hurler),AR,South Asian Population,"1 in 1,465",
IDUA,Mucopolysaccharidosis type I (Hurler),AR,Ashkenazi Jewish Population,"1 in 2,095",
IGHMBP2,IGHMBP2-related neuropathies,AR,General Population,<1 in 500,
IKBKB,Immunodeficiency 15B,AR,General Population,<1 in 500,
IL1RAPL1,"X-linked intellectual disability, IL1RAPL1-related",XL,General Population,"<1 in 50,000",
IL2RG,X-linked severe combined immunodeficiency,XL,General Population,"1 in 25,000",
IL7R,Severe Combined Immunodeficiency 104,AR,General Population,<1 in 500,
IL7R,Multiple sclerosis,AR,Latino / Admixed American Population,"1 in 1,719",
IL7R,Multiple sclerosis,AR,European (Non-Finnish) Population,"1 in 3,020",
IL7R,Multiple sclerosis,AR,East Asian Population,"1 in 9,925",
IL7R,Multiple sclerosis,AR,South Asian Population,"1 in 21,562",
INPP5E,Joubert syndrome 1,AR,General Population,1 in 159,
INVS,Nephronophthisis 2,AR,General Population,<1 in 500,
ITGA6,Junctional epidermolysis bullosa,AR,General Population,<1 in 500,
ITGB3,Glanzmann thrombasthenia,AR,General Population,<1 in 500,
ITGB3,Glanzmann thrombasthenia,AR,East Asian Population,1 in 709,
ITGB3,Glanzmann thrombasthenia,AR,African / African American Population,1 in 799,
ITGB3,Glanzmann thrombasthenia,AR,Latino / Admixed American Population,1 in 894,
ITGB3,Glanzmann thrombasthenia,AR,European (Non-Finnish) Population,"1 in 1,637",
ITGB3,Glanzmann thrombasthenia,AR,South Asian Population,"1 in 1,875",
ITGB4,Junctional epidermolysis bullosa,AR,General Population,<1 in 500,
IVD,Isovaleric Acidemia,AR,General Population,1 in 167,
IYD,"Thyroid dyshormonogenesis, IYD-related",AR,General Population,<1 in 500,
JAK3,"Severe combined immunodeficiency, JAK3-related",AR,General Population,1 in 299,
JAK3,,AR,Middle Eastern Population,"1 in 1,145",
JAK3,,AR,European (Non-Finnish) Population,"1 in 9,572",
JAK3,,AR,South Asian Population,"1 in 10,522",
KCNJ1,Bartter syndrome type 2,AR,General Population,<1 in 500,
KCNJ11,KCNJ11-related hyperinsulinism,AR,General Population,1 in 423,
KDM5C,"X-linked intellectual disability, KDM5C-related",XL,General Population,"<1 in 50,000",
L1CAM,L1 syndrome,XL,General Population,"1 in 15,000",
LAMA2,"Muscular dystrophy, LAMA2-related",AR,General Population,<1 in 500,
LAMA3,Junctional epidermolysis bullosa 2,AR,General Population,1 in 781,
LAMB3,"Junctional epidermolysis bullosa, LAMB3-related",AR,General Population,1 in 781,
LAMC2,"Junctional epidermolysis bullosa, LAMC2-related",AR,General Population,1 in 781,
LARGE1,Muscular dystrophy- dystroglycanopathy (LARGE1-related),AR,General Population,<1 in 500,
LCA5,Leber congenital amaurosis 5,AR,General Population,1 in 500,
LDLR,Familial hypercholesterolemia,AR,General Population,1 in 500,
LDLR,Familial hypercholesterolaemia,,South Asian Population,1 in 339,
LDLR,Familial hypercholesterolaemia,,East Asian Population,1 in 376,
LDLR,Familial hypercholesterolaemia,,European (Non-Finnish) Population,1 in 459,
LDLR,Familial hypercholesterolaemia,,Latino / Admixed American Population,1 in 699,
LDLR,Familial hypercholesterolaemia,,Ashkenazi Jewish Population,1 in 708,
LDLR,Familial hypercholesterolaemia,,African / African American Population,1 in 829,
LDLR,Familial hypercholesterolaemia,,Finnish Population,"1 in 1,046",
LDLRAP1,Familial Hypercholesterolemia,AR,General Population,<1 in 500,
LHX3,Combined pituitary hormone deficiency 3,AR,General Population,1 in 45,
LIFR,Stuve-Wiedemann syndrome,AR,General Population,<1 in 500,
LIG4,LIG4 syndrome,AR,General Population,<1 in 500,
LIPA,Lysosomal acid lipase deficiency,AR,General Population,1 in 211,
LIPH,Hypotrichosis 7,AR,General Population,<1 in 500,
LMBRD1,"Methylmalonic aciduria and homocystinuria, cblF type",AR,General Population,<1 in 500,
LOXHD1,Nonsyndromic hearing loss 77,AR,General Population,1 in 500,
LPL,Familial lipoprotein lipase deficiency,AR,General Population,1 in 500,
LRAT,Leber congenital amaurosis 14,AR,General Population,<1 in 500,
LRP2,Donnai–Barrow syndrome,AR,General Population,1 in 214,
LRPPRC,Leigh syndrome with Complex IV deficiency,AR,General Population,1 in 447,
LYST,Chediak-Higashi syndrome,AR,General Population,<1 in 500,
MAK,Retinitis Pigmentosa 62,AR,General Population,<1 in 500,
MAN2B1,Alpha-Mannosidosis,AR,General Population,1 in 354,
MANBA,Beta-Mannosidosis,AR,General Population,<1 in 500,
MCCC1,3-Methylcrotonyl-CoA carboxylase 1 deficiency (3-MCC deficiency),AR,General Population,1 in 95,
MCCC2,3-Methylcrotonyl-CoA carboxylase 2 deficiency (3-MCC deficiency),AR,General Population,1 in 95,
MCEE,Methylmalonyl-CoA epimerase deficiency,AR,General Population,<1 in 500,
MCOLN1,Mucolipidosis IV,AR,General Population,1 in 300,
MCPH1,"Primary microcephaly 1, recessive",AR,General Population,1 in 147,
MECP2,MECP2-related conditions,XL,General Population,"<1 in 50,000",
MECP2,Rett syndrome,XL,European (Non-Finnish) Population,"1 in 42,101",
MECR,MECR-related disorders,AR,General Population,<1 in 500,
MED17,Postnatal Progressive Microcephaly with Seizures and Brain Atrophy,AR,General Population,<1 in 500,
MEFV,Familial Mediterranean fever,AR,General Population,1 in 20,
MESP2,Spondylocostal dysostosis,AR,General Population,<1 in 500,
MFSD8,"Neuronal ceroid lipofuscinosis, MFSD8-related",AR,General Population,<1 in 500,
MID1,"Opitz GBBB syndrome, type I",XL,General Population,"<1 in 50,000",
MKKS,Bardet-Biedl syndrome 6,AR,General Population,<1 in 500,
MKS1,MKS1-related ciliopathies,AR,General Population,1 in 260,
MLC1,Megalencephalic leukoencephalopathy with subcortical cysts,AR,General Population,<1 in 500,
MLYCD,Malonyl-CoA decarboxylase deficiency,AR,General Population,<1 in 500,
MMAA,"Methylmalonic aciduria, cblA type",AR,General Population,1 in 301,
MMAB,"Methylmalonic aciduria, cblB type",AR,General Population,1 in 435,
MMACHC,"Methylmalonic aciduria and homocystinuria, cblC type",AR,General Population,1 in 134,
MMADHC,"Methylmalonic aciduria and homocystinuria, cblD type",AR,General Population,<1 in 500,
MOCS1,Molybdenum cofactor deficiency A,AR,General Population,<1 in 500,
MOCS2,Molybdenum cofactor deficiency B,AR,General Population,<1 in 500,
MPI,Congenital disorder of glycosylation type Ib,AR,General Population,<1 in 500,
MPL,Congenital amegakaryocytic thrombocytopenia,AR,General Population,1 in 102,
MPV17,MPV17-Related Disorders,AR,General Population,<1 in 500,
MRE11,Ataxia-Telangiectasia-Like Disorder 1,AR,General Population,<1 in 500,
MTHFR,"Homocystinuria, MTHFR-related",AR,General Population,1 in 224,
MTM1,"Myotubular myopathy, X-linked",XL,General Population,"1 in 25,000",
MTMR2,"Charcot-Marie-Tooth disease, type 4B1",AR,General Population,<1 in 500,
MTR,"Methylcobalamin deficiency, type cblG",AR,General Population,<1 in 500,
MTRR,"Homocystinuria-megaloblastic anemia, cobalamin E type",AR,General Population,<1 in 500,
MTTP,Abetalipoproteinemia,AR,General Population,<1 in 500,
MUSK,MUSK-related conditions,AR,General Population,1 in 447,
MVK,Mevalonate kinase deficiency,AR,General Population,<1 in 500,
MYO15A,"Nonsyndromic hearing loss, MYO15A-related",AR,General Population,1 in 500,
MYO15A,,AR,European (Non-Finnish) Population,"1 in 1,621",
MYO15A,,AR,Latino / Admixed American Population,"1 in 2,484",
MYO15A,,AR,African / African American Population,"1 in 5,171",
MYO7A,MYO7A-related disorders,AR,General Population,1 in 206,
MYO7A,Usher syndrome type 1,AR,European (Non-Finnish) Population,1 in 950,
MYO7A,Usher syndrome type 1,AR,South Asian Population,"1 in 2,291",
MYO7A,Usher syndrome type 1,AR,African / African American Population,"1 in 5,180",
MYO7A,Usher syndrome type 1,AR,Finnish Population,"1 in 6,662",
MYO7A,Usher syndrome type 1,AR,Latino / Admixed American Population,"1 in 9,618",
NAGA,Schindler disease types 1 and 3,AR,General Population,1 in 94,
NAGLU,Mucopolysaccharidosis type IIIB (Sanfilippo syndrome B),AR,General Population,<1 in 500,
NAGS,N-acetylglutamate synthase deficiency,AR,General Population,<1 in 500,
NBN,Nijmegen breakage syndrome,AR,General Population,1 in 158,
NCF2,Chronic granulomatous disease 2,AR,General Population,<1 in 500,
NDP,Norrie disease,XL,General Population,"<1 in 50,000",
NDRG1,"Charcot-Marie-Tooth disease, type 4D",AR,General Population,1 in 22,
NDUFAF2,Mitochondrial complex I deficiency,AR,General Population,<1 in 500,
NDUFAF5,Mitochondrial complex I deficiency (Leigh syndrome),AR,General Population,1 in 447,
NDUFS4,Mitochondrial complex I deficiency,AR,General Population,<1 in 500,
NDUFS6,Mitochondrial complex I deficiency (Leigh syndrome),AR,General Population,<1 in 500,
NDUFS7,Mitochondrial complex I deficiency,AR,General Population,<1 in 500,
NDUFV1,"Mitochondrial complex I deficiency, nuclear type 4",AR,General Population,<1 in 500,
NEB,Nemaline myopathy,AR,General Population,1 in 112,
NEB,Nemaline myopathy,AR,Latino / Admixed American Population,"1 in 3,191",
NEB,Nemaline myopathy,AR,European (Non-Finnish) Population,"1 in 4,746",
NEB,Nemaline myopathy,AR,East Asian Population,"1 in 9,902",
NEB,Nemaline myopathy,AR,African / African American Population,"1 in 10,359",
NEU1,"Sialidosis, type I and II",AR,General Population,<1 in 500,
NGLY1,Congenital disorder of deglycosylation,AR,General Population,<1 in 500,
NPC1,"Niemann-Pick disease, type C1",AR,General Population,1 in 194,
NPC2,"Niemann-Pick disease, type C2",AR,General Population,1 in 194,
NPHP1,NPHP1-related ciliopathies,AR,General Population,1 in 480,
NPHP3,NPHP3-related ciliopathies,AR,General Population,<1 in 500,
NPHP4,NPHP4-Related Disorders,AR,General Population,<1 in 500,
NPHS1,"Congenital nephrotic syndrome, type 1",AR,General Population,1 in 289,
NPHS2,"Congenital nephrotic syndrome, type 2",AR,General Population,1 in 289,
NR0B1,"Congenital adrenal hypoplasia, X-linked",XL,General Population,"1 in 6,250",
NR2E3,NR2E3-related retinal dystrophies,AR,General Population,1 in 209,
NSMCE3,"Lung disease, immunodeficiency, and chromosome breakage syndrome",AR,General Population,<1 in 500,
NTRK1,Congenital insensitivity to pain with anhidrosis,AR,General Population,<1 in 500,
OAT,Gyrate atrophy of choroid and retina,AR,General Population,<1 in 500,
OCA2,Oculocutaneous albinism type II,AR,General Population,1 in 76,
OCRL,OCRL-related disorders,XL,General Population,"1 in 250,000",
OPA3,Costeff syndrome,AR,General Population,<1 in 500,
OPHN1,X-linked intellectual disability- cerebellar hypoplasia syndrome,XL,General Population,"<1 in 50,000",
OSTM1,Osteopetrosis 5,AR,General Population,<1 in 500,
OTC,Ornithine transcarbamylase deficiency,XL,General Population,"1 in 7,000",
OTOA,"Nonsyndromic hearing loss, OTOA-related",AR,General Population,<1 in 500,
OTOF,"Nonsyndromic hearing loss, OTOF-related",AR,General Population,<1 in 500,
OTOF,Auditory neuropathy (OTOF),AR,East Asian Population,1 in 163,
OTOF,Auditory neuropathy (OTOF),AR,Latino / Admixed American Population,1 in 719,
OTOF,Auditory neuropathy (OTOF),AR,African / African American Population,"1 in 3,455",
OTOF,Auditory neuropathy (OTOF),AR,South Asian Population,"1 in 21,544",
P3H1,"Osteogenesis imperfecta, type VIII",AR,General Population,<1 in 500,
PAH,Phenylalanine Hydroxylase deficiency (Phenylketonuria),AR,General Population,1 in 93,
PAH,Phenylketonuria,AR,Ashkenazi Jewish Population,1 in 18,
PAH,Phenylketonuria,AR,South Asian Population,1 in 79,
PAH,Phenylketonuria,AR,Latino / Admixed American Population,1 in 104,
PAH,Phenylketonuria,AR,Finnish Population,1 in 176,
PAH,Phenylketonuria,AR,African / African American Population,1 in 194,
PAK3,"X-linked intellectual disability, PAK3-related",XL,General Population,"<1 in 50,000",
PANK2,Pantothenate kinase-associated neurodegeneration,AR,General Population,1 in 289,
PC,Pyruvate carboxylase deficiency,AR,General Population,1 in 250,
PCBD1,"Tetrahydrobiopterin deficiency, PCBD1-related",AR,General Population,<1 in 500,
PCCA,"Propionic acidemia, PCCA-related",AR,General Population,1 in 224,
PCCB,"Propionic acidemia, PCCB-related",AR,General Population,1 in 224,
PCDH15,PCDH15-related disorders,AR,General Population,1 in 395,
PCNT,"Microcephalic osteodysplastic primordial dwarfism, type II",AR,General Population,<1 in 500,
PDE6A,"Retinitis pigmentosa, PDE6A-related",AR,General Population,1 in 133,
PDHA1,No carrier-frequency data published,AR,-,,"<1 in 250,000"
PDHB,Pyruvate dehydrogenase E1-beta deficiency,AR,General Population,<1 in 500,
PEPD,Prolidase deficiency,AR,General Population,<1 in 500,
PET100,Mitochondrial complex IV deficiency,AR,General Population,<1 in 500,
PEX1,"Zellweger syndrome, PEX1-related",AR,General Population,1 in 147,
PEX10,"Zellweger syndrome, PEX10-related",AR,General Population,1 in 500,
PEX12,"Zellweger syndrome, PEX12-related",AR,General Population,1 in 373,
PEX13,Zellweger spectrum disorder,AR,General Population,<1 in 500,
PEX16,Zellweger spectrum disorder,AR,General Population,<1 in 500,
PEX2,"Zellweger syndrome, PEX2-related",AR,General Population,1 in 500,
PEX26,Zellweger syndrome,AR,General Population,<1 in 500,
PEX5,Zellweger spectrum disorder,AR,General Population,<1 in 500,
PEX6,"Zellweger syndrome, PEX6-related",AR,General Population,1 in 280,
PEX7,"Rhizomelic chondrodysplasia punctata, type 1",AR,General Population,1 in 158,
PFKM,Glycogen storage disease VII,AR,General Population,<1 in 500,
PGK1,Phosphoglycerate kinase 1 deficiency,XL,General Population,"<1 in 50,000",
PGM3,Immunodeficiency 23,AR,General Population,<1 in 500,
PHF8,"X-linked intellectual disability, Siderius type",XL,General Population,"<1 in 50,000",
PHGDH,Phosphoglycerate dehydrogenase deficiency,AR,General Population,<1 in 500,
PHKB,Glycogen storage disease type IXb,AR,General Population,<1 in 500,
PHKG2,Glycogen storage disease type IXc,AR,General Population,<1 in 500,
PHYH,Refsum disease,AR,General Population,<1 in 500,
PIGN,Multiple congenital anomalies hypotonia seizures syndrome 1,AR,General Population,<1 in 500,
PJVK,Nonsyndromic hearing loss 59,AR,General Population,<1 in 500,
PKHD1,"Polycystic kidney disease, PKHD1-related",AR,General Population,1 in 70,
PLA2G6,Infantile neuroaxonal dystrophy,AR,General Population,1 in 500,
PLEKHG5,PLEKHG5-related motor neuropathies,AR,General Population,<1 in 500,
PLOD1,"Ehlers-Danlos syndrome with kyphoscoliosis, PLOD1-related",AR,General Population,1 in 159,
PLP1,PLP1-related disorders,XL,General Population,"<1 in 50,000",
PMM2,PMM2-glycosylation disorders,AR,General Population,1 in 63,
PNPO,Pyridoxamine 5’-phosphate oxidase deficiency,AR,General Population,<1 in 500,
POLG,POLG-related disorders,AR,General Population,1 in 113,
POLG,Chronic progressive external ophthalmoplegia,AR,East Asian Population,"1 in 4,962",
POLG,Chronic progressive external ophthalmoplegia,AR,African / African American Population,"1 in 10,359",
POLG,Chronic progressive external ophthalmoplegia,AR,Latino / Admixed American Population,"1 in 11,181",
POLG,Chronic progressive external ophthalmoplegia,AR,European (Non-Finnish) Population,"1 in 15,884",
POLH,Xeroderma pigmentosum,AR,General Population,<1 in 500,
POLR1C,POLR1C-related disorders,AR,General Population,<1 in 500,
POMGNT1,POMGNT1 Alpha- dystroglycanopathies,AR,General Population,1 in 462,
POMT1,POMT1 Alpha- dystroglycanopathies,AR,General Population,1 in 290,
POMT2,POMT2 Alpha- dystroglycanopathies,AR,General Population,1 in 371,
POR,Antley-Bixler syndrome,AR,General Population,1 in 159,
POU1F1,Combined pituitary hormone deficiency,AR,General Population,<1 in 500,
POU3F4,"X-linked hearing loss, POU3F4-related",XL,General Population,"<1 in 50,000",
PPT1,"Neuronal ceroid lipofuscinosis, PPT1-related",AR,General Population,1 in 368,
PQBP1,Renpenning syndrome,XL,General Population,<1 in 500,
PRCD,Retinitis pigmentosa 36,AR,General Population,<1 in 500,
PRDM5,Brittle cornea syndrome 2,AR,General Population,<1 in 500,
PRF1,"Hemophagocytic lymphohistiocytosis, familial, 2",AR,General Population,1 in 149,
PROP1,Combined pituitary hormone deficiency 2,AR,General Population,1 in 45,
PRPS1,No carrier-frequency data published,Various,-,,"<1 in 250,000"
PSAP,Metachromatic leukodystrophy due to saposin-b deficiency,AR,General Population,<1 in 500,
PTPRC,PTPRC related-severe combined immunodeficiency,AR,General Population,<1 in 500,
PTS,Tetrahydrobiopterin deficiency,AR,General Population,1 in 354,
PUS1,Mitochondrial myopathy and sideroblastic anemia 1,AR,General Population,<1 in 500,
PYGM,Glycogen storage disease type V,AR,General Population,<1 in 500,
QDPR,"Tetrahydrobiopterin deficiency, QDPR-related",AR,General Population,<1 in 500,
RAB23,Carpenter syndrome,AR,General Population,<1 in 500,
RAG1,"Omenn syndrome, RAG1-related",AR,General Population,1 in 290,
RAG1,,AR,European (Non-Finnish) Population,"1 in 5,560",
RAG1,,AR,South Asian Population,"1 in 10,782",
RAG1,,AR,Latino / Admixed American Population,"1 in 11,181",
RAG2,"Omenn syndrome, RAG2-related",AR,General Population,1 in 137,
RAG2,,AR,South Asian Population,"1 in 1,106",
RAG2,,AR,Ashkenazi Jewish Population,"1 in 1,307",
RAG2,,AR,European (Non-Finnish) Population,"1 in 2,138",
RAG2,,AR,Finnish Population,"1 in 3,338",
RAG2,,AR,African / African American Population,"1 in 6,915",
RAG2,,AR,Latino / Admixed American Population,"1 in 11,181",
RAPSN,RAPSN-associated acetylcholine receptor deficiency,AR,General Population,<1 in 500,
RARS2,Pontocerebellar hypoplasia type 6,AR,General Population,<1 in 500,
RAX,"Microphthalmia, isolated 3",AR,General Population,1 in 289,
RDH12,Leber congenital amaurosis type 13,AR,General Population,<1 in 500,
RLBP1,"Retinal dystrophy, RLBP1-related",AR,General Population,1 in 296,
RMRP,Cartilage-Hair Hypoplasia Anauxetic Dysplasia Spectrum Disorder,AR,General Population,<1 in 500,
RMRP,,AR,Latino / Admixed American Population,1 in 349,
RMRP,,AR,East Asian Population,1 in 355,
RMRP,,AR,Finnish Population,1 in 865,
RMRP,,AR,European (Non-Finnish) Population,"1 in 1,516",
RMRP,,AR,African / African American Population,"1 in 2,807",
RMRP,,AR,South Asian Population,"1 in 3,482",
RNASEH2A,Aicardi-Goutieres syndrome 4,AR,General Population,<1 in 500,
RNASEH2B,Aicardi Goutieres syndrome 2,AR,General Population,1 in 217,
RNASEH2C,Aicardi-Goutieres syndrome 3,AR,General Population,<1 in 500,
RP2,"X-linked Retinitis pigmentosa, RP2-related",XL,General Population,"1 in 4,000",
RPE65,RPE65-related retinopathy,AR,General Population,1 in 228,
RPE65,Leber congenital amaurosis (RPE65),AR,African / African American Population,1 in 242,
RPE65,Leber congenital amaurosis (RPE65),AR,Latino / Admixed American Population,1 in 430,
RPE65,Leber congenital amaurosis (RPE65),AR,European (Non-Finnish) Population,1 in 492,
RPE65,Leber congenital amaurosis (RPE65),AR,East Asian Population,1 in 536,
RPE65,Leber congenital amaurosis (RPE65),AR,South Asian Population,1 in 937,
RPE65,Leber congenital amaurosis (RPE65),AR,Finnish Population,"1 in 2,968",
RPE65,Leber congenital amaurosis (RPE65),AR,Ashkenazi Jewish Population,"1 in 4,356",
RPGR,X-linked RPGR-related retinopathy,XL,General Population,"1 in 3,000",
RPGR,Retinitis pigmentosa (multiple),XL,European (Non-Finnish) Population,"1 in 28,023",
RPGRIP1,Leber congenital amaurosis and Cone-rod dystrophy,AR,General Population,<1 in 500,
RPGRIP1L,RPGRIP1L-related ciliopathies,AR,General Population,1 in 259,
RS1,"Juvenile retinoschisis, X-linked",XL,General Population,"1 in 2,500",
RS1,X-linked juvenile retinoschisis,XL,Finnish Population,"1 in 10,133",
RS1,X-linked juvenile retinoschisis,XL,European (Non-Finnish) Population,"1 in 16,191",
RTEL1,Dyskeratosis congenita type 5,AR,General Population,1 in 500,
RXYLT1,Congenital muscular dystrophy- dystroglycanopathy with brain and eye anomalies (type A),AR,General Population,<1 in 500,
RYR1,Malignant hyperthermia and other RYR1-related myopathies,AR,General Population,<1 in 500,
RYR1,Malignant hyperthermia susceptibility,,European (Non-Finnish) Population,1 in 643,
RYR1,Malignant hyperthermia susceptibility,,African / African American Population,"1 in 1,093",
RYR1,Malignant hyperthermia susceptibility,,South Asian Population,"1 in 1,724",
RYR1,Malignant hyperthermia susceptibility,,Latino / Admixed American Population,"1 in 1,863",
RYR1,Malignant hyperthermia susceptibility,,Finnish Population,"1 in 2,047",
RYR1,Malignant hyperthermia susceptibility,,East Asian Population,"1 in 9,925",
SACS,Autosomal recessive spastic ataxia of Charlevoix-Saguenay,AR,General Population,<1 in 500,
SAMD9,SAMD9-related conditions,AR,General Population,<1 in 500,
SAMHD1,Aicardi-Goutieres syndrome,AR,General Population,<1 in 500,
SBDS,Shwachman-Diamond syndrome,AR,General Population,<1 in 500,
SCO2,Mitochondrial complex IV deficiency,AR,General Population,1 in 150,
SEC23B,"Congenital dyserythropoietic anemia, type II",AR,General Population,<1 in 500,
SEPSECS,Pontocerebellar hypoplasia type 2D,AR,General Population,<1 in 500,
SERPINA1,Alpha-1 antitrypsin deficiency,AR,General Population,1 in 33,
SERPINA1,Alpha-1 antitrypsin deficiency (liver),AR,Latino / Admixed American Population,1 in 15,
SERPINA1,Alpha-1 antitrypsin deficiency (liver),AR,Ashkenazi Jewish Population,1 in 29,
SERPINA1,Alpha-1 antitrypsin deficiency (liver),AR,African / African American Population,1 in 51,
SERPINA1,Alpha-1 antitrypsin deficiency (liver),AR,Finnish Population,1 in 59,
SERPINA1,Alpha-1 antitrypsin deficiency (liver),AR,Middle Eastern Population,1 in 78,
SERPINA1,Alpha-1 antitrypsin deficiency (liver),AR,East Asian Population,1 in 535,
SERPINA1,Alpha-1 antitrypsin deficiency (liver),AR,South Asian Population,"1 in 2,270",
SGCA,"Limb-girdle muscular dystrophy, type 2D",AR,General Population,<1 in 500,
SGCA,,AR,Ashkenazi Jewish Population,1 in 653,
SGCA,,AR,Latino / Admixed American Population,1 in 658,
SGCA,,AR,South Asian Population,1 in 863,
SGCA,,AR,Middle Eastern Population,1 in 961,
SGCA,,AR,East Asian Population,"1 in 3,970",
SGCA,,AR,African / African American Population,"1 in 5,194",
SGCB,"Limb-girdle muscular dystrophy, type 2E",AR,General Population,1 in 500,
SGCB,,AR,South Asian Population,"1 in 4,792",
SGCB,,AR,African / African American Population,"1 in 8,369",
SGCB,,AR,European (Non-Finnish) Population,"1 in 20,587",
SGCD,"Limb-girdle muscular dystrophy, type 2F",AR,General Population,<1 in 500,
SGCD,,AR,African / African American Population,"1 in 10,389",
SGCD,,AR,European (Non-Finnish) Population,"1 in 69,391",
SGCG,"Limb-girdle muscular dystrophy, type 2C",AR,General Population,1 in 381,
SGCG,,AR,Latino / Admixed American Population,"1 in 7,454",
SGSH,Mucopolysaccharidosis IIIA (Sanfilippo syndrome A),AR,General Population,1 in 454,
SH3TC2,"Charcot-Marie-Tooth disease, SH3TC2-related",AR,General Population,1 in 69,
SLC12A1,"Bartter syndrome, type 1",AR,General Population,<1 in 500,
SLC12A3,Gitelman syndrome,AR,General Population,1 in 100,
SLC12A6,Andermann syndrome,AR,General Population,<1 in 500,
SLC16A2,Allan-Herndon-Dudley syndrome,XL,General Population,<1 in 500,
SLC17A5,Sialic acid storage disorder,AR,General Population,<1 in 500,
SLC19A2,Thiamine-responsive megaloblastic anemia syndrome,AR,General Population,<1 in 500,
SLC19A3,Biotin-responsive basal ganglia disease,AR,General Population,1 in 109,
SLC1A4,"Spastic tetraplegia, thin corpus callosum, and progressive microcephaly syndrome",AR,General Population,<1 in 500,
SLC22A5,Systemic primary carnitine deficiency,AR,General Population,1 in 129,
SLC25A13,Citrin deficiency,AR,General Population,<1 in 500,
SLC25A15,Hyperornithinemia- hyperammonemia- homocitrullinemia syndrome (Triple H syndrome),AR,General Population,<1 in 500,
SLC25A20,Carnitine-acylcarnitine translocase deficiency,AR,General Population,<1 in 500,
SLC26A2,SLC26A2-related disorders,AR,General Population,1 in 158,
SLC26A3,Congenital secretory chloride diarrhea,AR,General Population,<1 in 500,
SLC26A4,Pendred syndrome,AR,General Population,1 in 80,
SLC26A4,DFNB4/Enlarged vestibular aqueduct,AR,Ashkenazi Jewish Population,1 in 70,
SLC26A4,DFNB4/Enlarged vestibular aqueduct,AR,South Asian Population,1 in 128,
SLC26A4,DFNB4/Enlarged vestibular aqueduct,AR,East Asian Population,1 in 161,
SLC26A4,DFNB4/Enlarged vestibular aqueduct,AR,European (Non-Finnish) Population,1 in 215,
SLC26A4,DFNB4/Enlarged vestibular aqueduct,AR,Latino / Admixed American Population,1 in 639,
SLC26A4,DFNB4/Enlarged vestibular aqueduct,AR,Finnish Population,"1 in 1,213",
SLC26A4,DFNB4/Enlarged vestibular aqueduct,AR,Middle Eastern Population,"1 in 1,441",
SLC26A4,DFNB4/Enlarged vestibular aqueduct,AR,African / African American Population,"1 in 2,595",
SLC27A4,Ichthyosis prematurity syndrome,AR,General Population,<1 in 500,
SLC35A3,"Arthrogryposis, intellectual disability, and seizures",AR,General Population,<1 in 500,
SLC37A4,"Glycogen storage disease, type Ib",AR,General Population,1 in 158,
SLC38A8,"Foveal hypoplasia 2, with or without optic nerve misrouting and/or anterior segment dysgenesis",AR,General Population,<1 in 500,
SLC39A4,Acrodermatitis enteropathica,AR,General Population,<1 in 500,
SLC45A2,"Oculocutaneous albinism, type IV",AR,General Population,1 in 159,
SLC46A1,Hereditary folate malabsorption,AR,General Population,<1 in 500,
SLC4A11,Corneal endothelial dystrophy,AR,General Population,<1 in 500,
SLC5A5,"Thyroid dyshormonogenesis, SLC5A5-related",AR,General Population,<1 in 500,
SLC6A19,Hartnup disorder,AR,General Population,1 in 87,
SLC6A8,Creatine deficiency syndrome,XL,General Population,"1 in 3,434",
SLC7A7,Lysinuric protein intolerance,AR,General Population,<1 in 500,
SMARCAL1,Schimke immunoosseous dysplasia,AR,General Population,1 in 500,
SMPD1,"Niemann-Pick disease, type A/B",AR,General Population,1 in 250,
SNAP29,"Cerebral dysgenesis, neuropathy, ichthyosis, and palmoplantar keratoderma syndrome",AR,General Population,<1 in 500,
SPATA7,Leber congenital amaurosis (LCA) and juvenile retinitis pigmentosa (RP),AR,General Population,<1 in 500,
SPG11,SPG11-related Neuromuscular Disorders,AR,General Population,1 in 159,
SPG7,Spastic paraplegia type 7,AR,General Population,1 in 159,
SPR,Sepiapterin Reductase Deficiency,AR,General Population,<1 in 500,
SRD5A2,5-alpha reductase deficiency,AR,General Population,<1 in 500,
ST3GAL5,Salt and pepper developmental regression syndrome,AR,General Population,<1 in 500,
STAR,Lipoid congenital adrenal hyperplasia,AR,General Population,<1 in 500,
STX11,Familial hemophagocytic lymphohistiocytosis,AR,General Population,1 in 112,
STXBP2,Familial hemophagocytic lymphohistiocytosis,AR,General Population,1 in 112,
SUMF1,Multiple sulfatase deficiency,AR,General Population,1 in 500,
SUOX,Sulfite oxidase deficiency,AR,General Population,1 in 300,
SURF1,"Leigh syndrome, SURF1-related",AR,General Population,<1 in 500,
SYN1,X-linked epilepsy with variable learning disabilities,XL,General Population,"<1 in 50,000",
SYNE4,Autosomal recessive deafness 76,AR,General Population,<1 in 500,
TANGO2,"Metabolic crises with rhabdomyolysis, cardiac arrhythmias and neurodegeneration",AR,General Population,<1 in 500,
TAT,"Tyrosinemia, type II",AR,General Population,1 in 250,
TBCD,"Encephalopathy, progressive, early- onset, with brain atrophy and thin corpus callosum",AR,General Population,<1 in 500,
TBCE,TBCE-related conditions,AR,General Population,<1 in 500,
TCIRG1,Osteopetrosis 1,AR,General Population,1 in 250,
TCN2,Transcobalamin II deficiency,AR,General Population,<1 in 500,
TECPR2,Spastic paraplegia 49,AR,General Population,<1 in 500,
TECTA,,AR,European (Non-Finnish) Population,"1 in 2,059",
TECTA,,AR,African / African American Population,"1 in 10,368",
TERT,Dyskeratosis congenita type 4,AR,General Population,<1 in 500,
TF,Atransferrinemia,AR,General Population,1 in 116,
TFR2,"Hemochromatosis, type 3",AR,General Population,<1 in 500,
TG,"Thyroid dyshormonogenesis, TG-related",AR,General Population,1 in 241,
TGM1,Congenital ichthyosis,AR,General Population,1 in 224,
TH,Segawa syndrome,AR,General Population,<1 in 500,
THOC2,"X-linked Intellectual disability, THOC2-related",XL,General Population,"<1 in 50,000",
TJP2,TJP2-Related Disorders,AR,General Population,<1 in 500,
TK2,Mitochondrial DNA depletion syndrome 2,AR,General Population,<1 in 500,
TMC1,Nonsyndromic hearing loss 7,AR,General Population,<1 in 500,
TMEM216,TMEM216-related ciliopathies,AR,General Population,1 in 141,
TMEM67,COACH syndrome,AR,General Population,<1 in 500,
TMPRSS3,"Nonsyndromic hearing loss, TMPRSS3-related",AR,General Population,1 in 500,
TNXB,Ehlers–Danlos-like syndrome due to tenascin-X deficiency,AR,General Population,<1 in 500,
TPO,"Thyroid dyshormonogenesis, TPO-related",AR,General Population,1 in 373,
TPP1,"Neuronal ceroid lipofuscinosis, TPP1-related",AR,General Population,1 in 252,
TRDN,Catecholaminergic polymorphic ventricular tachycardia,AR,General Population,1 in 354,
TREX1,Aicardi-Goutieres syndrome 1,AR,General Population,<1 in 500,
TRIM32,TRIM32-related disorders,AR,General Population,<1 in 500,
TRIM37,Mulibrey nanism,AR,General Population,<1 in 500,
TRIP11,TRIP11-related skeletal dysplasia,AR,General Population,<1 in 500,
TRMU,"Liver failure, acute infantile",AR,General Population,<1 in 500,
TSEN54,Pontocerebellar hypoplasia type 2A,AR,General Population,1 in 250,
TSFM,"Combined oxidative phosphorylation deficiency, TSFM-related",AR,General Population,<1 in 500,
TSHB,"Congenital hypothyroidism, TSHB-related",AR,General Population,1 in 500,
TSHR,"Congenital hypothyroidism, TSHR-related",AR,General Population,1 in 500,
TTN,"TTN-related conditions AD,",AR,General Population,<1 in 500,
TTPA,Ataxia with isolated vitamin E deficiency,AR,General Population,<1 in 500,
TULP1,TULP1-related retinal disorders,AR,General Population,<1 in 500,
TYMP,Mitochondrial neurogastrointestinal encephalopathy (MNGIE) disease,AR,General Population,<1 in 500,
TYR,Oculocutaneous albinism types 1A and 1B,AR,General Population,1 in 100,
TYRP1,"Oculocutaneous albinism, type III",AR,General Population,<1 in 500,
UBR1,Johanson-Blizzard syndrome,AR,General Population,1 in 250,
UGT1A1,Crigler-Najjar syndrome,AR,General Population,<1 in 500,
UNC13D,Familial hemophagocytic lymphohistiocytosis type 3,AR,General Population,1 in 149,
UPF3B,"Lujan-Fryns syndrome, UPF3B-related",XL,General Population,"<1 in 50,000",
USH1C,USH1C-related disorders,AR,General Population,1 in 353,
USH1G,Usher syndrome type IG,AR,General Population,1 in 434,
USH2A,"Usher syndrome, type 2A",AR,General Population,1 in 126,
USH2A,Retinitis pigmentosa (multiple),AR,Latino / Admixed American Population,1 in 230,
USH2A,Retinitis pigmentosa (multiple),AR,South Asian Population,1 in 599,
USH2A,Retinitis pigmentosa (multiple),AR,African / African American Population,1 in 649,
USH2A,Retinitis pigmentosa (multiple),AR,East Asian Population,"1 in 1,240",
VDR,"Vitamin D-dependent rickets, type 2A",AR,General Population,<1 in 500,
VLDLR,"Cerebellar hypoplasia, impaired intellectual development, and dysequilibrium syndrome 1",AR,General Population,<1 in 500,
VPS11,Hypomyelinating leukodystrophy-12,AR,General Population,<1 in 500,
VPS13A,Choreoacanthocytosis,AR,General Population,<1 in 500,
VPS13B,Cohen syndrome,AR,General Population,<1 in 500,
VPS45,"Severe congenital neutropenia, VPS45-related",AR,General Population,1 in 224,
VPS53,Pontocerebellar hypoplasia type 2E,AR,General Population,<1 in 500,
VRK1,Pontocerebellar hypoplasia type 1A,AR,General Population,<1 in 500,
VSX2,Microphthalmia with or without coloboma,AR,General Population,1 in 91,
WAS,WAS-related hematopoietic disorder,XL,General Population,"1 in 125,000",
WHRN,Usher syndrome type 2D,AR,General Population,1 in 282,
WNT10A,WNT10A-related ectodermal dysplasias,AR,General Population,<1 in 500,
WRN,Werner syndrome,AR,General Population,1 in 308,
XPA,"Xeroderma pigmentosum, group A",AR,General Population,1 in 500,
XPC,"Xeroderma pigmentosum, group C",AR,General Population,1 in 500,
ZBTB24,Immunodeficiency-centromeric instability-facial anomalies syndrome 2,AR,General Population,<1 in 500,
ZDHHC9,"X-linked intellectual disability, ZDHHC9-related",XL,General Population,"<1 in 50,000",
ZFYVE26,Spastic paraplegia 15,AR,General Population,<1 in 500,
ZNF469,Brittle cornea syndrome 1,AR,General Population,<1 in 500,
ZNF711,"X-linked intellectual disability, ZNF711-related",XL,General Population,"<1 in 50,000",
