Category,Gene,疾病,Disease,OMIM,OMIN link
內分泌疾病,AAAS,Triple A症候群,Achalasia-addisonianism-alacrimia syndrome,231550,231550
皮膚與毛髮疾病,ABCA12,體染色體隱性先天性魚鱗癬第 4B 型,Autosomal recessive congenital ichthyosis 4B,242500,242500
呼吸疾病,ABCA3,間質性肺病-ABCA3 缺乏,Interstitial lung disease due to ABCA3 deficiency,610921,610921
眼部與視覺疾病,ABCA4,視錐-視桿細胞失養症第 3 型,Cone-rod dystrophy 3,604116,604116
眼部與視覺疾病,ABCA4,網膜色素變性 19,Retinitis pigmentosa 19,601718,601718
消化疾病,ABCB11,進行性家族性肝內膽汁滯留症第 2 型,Progressive familial intrahepatic cholestasis type 2,601847,601847
消化疾病,ABCB4,進行性家族性肝內膽汁滯留症第 3 型,Progressive familial intrahepatic cholestasis type 3,602347,602347
消化疾病,ABCC2,Dubin-Johnson 症候群,Dubin-Johnson syndrome,237500,237500
心血管疾病,ABCC6,廣泛性嬰兒動脈硬化第 2 型,"Arterial calcification, generalized, of infancy, 2",614473,614473
內分泌疾病,ABCC8,家族性高胰島素血症,Familial hyperinsulinism,256450,256450
腦部與神經疾病,ABCD1,X 性聯遺傳腎上腺腦白質失養症,X-linked cerebral adrenoleukodystrophy,300100,300100
先天性代謝疾病,ABCD4,甲基丙二酸血症合併高胱胺酸尿症 cblJ 型,"Methylmalonic acidemia with homocystinuria, type cblJ",614857,614857
先天性代謝疾病,ABCG5,植物固醇血症,Sitosterolemia 2,618666,618666
先天性代謝疾病,ABCG8,植物固醇血症,Sitosterolemia 1,210250,210250
腦部與神經疾病,ABHD12,PHARC症候群,"Polyneuropathy, hearing loss, ataxia, retinitis pigmentosa, and cataract",612674,612674
先天性代謝疾病,ACAD9,脂醯輔酶 A 去氫酶 9 缺乏症,Acyl-CoA dehydrogenase 9 deficiency,611126,611126
先天性代謝疾病,ACADM,中鏈脂肪酸去氫酶缺乏症,Medium chain acyl-CoA dehydrogenase deficiency,201450,201450
先天性代謝疾病,ACADS,短鏈脂肪酸去氫酵素缺乏症,Short chain acyl-CoA dehydrogenase deficiency,201470,201470
先天性代謝疾病,ACADSB,短支鏈醯基輔酶A脫氫酶缺乏症,Short branched chain acyl-CoA dehydrogenase (SBCAD) deficiency,610006,610006
先天性代謝疾病,ACADVL,極長鏈醯輔酶A去氫酶缺乏症,Very long chain acyl-CoA dehydrogenase deficiency,201475,201475
先天性代謝疾病,ACAT1,β-酮硫解酶缺乏症,Beta-Ketothiolase deficiency,203750,203750
先天性代謝疾病,ACOX1,過氧化物酶酰基辅酶A氧化酶缺乏症,Peroxisomal acyl-CoA oxidase deficiency,264470,264470
先天性代謝疾病,ACSF3,複合型丙二酸及甲基丙二酸血症,Combined malonic and methylmalonic acidemia,614265,614265
免疫疾病,ADA,嚴重複合型免疫缺乏症-ADA 缺乏,Severe combined immunodeficiency due to ADA deficiency,102700,102700
眼部與視覺疾病,ADAM9,視錐-視桿細胞失養症第9型,Cone-rod dystrophy 9,612775,612775
血液疾病,ADAMTS13,遺傳性血栓性血小板減少性紫斑症,"Thrombotic thrombocytopenic purpura, hereditary",274150,274150
結締組織疾病,ADAMTS2,Ehlers-Danlos症候群-皮膚鬆弛型,"Ehlers-Danlos syndrome, dermatosparaxis type",225410,225410
眼部與視覺疾病,ADAMTSL4,晶狀體及瞳孔異位,Ectopia lentis et pupillae,225200,225200
腦部與神經疾病,ADGRG1,雙側額頂多小腦迴畸形,Bilateral frontoparietal polymicrogyria,606854,606854
耳部與聽覺疾病,ADGRV1,Usher 症候群第 2C 型,Usher syndrome type 2C,605472,605472
先天性代謝疾病,ADK,腺苷激酶缺乏症,Adenosine kinase deficiency,614300,614300
腦部與神經疾病,AFF2,Fraxe 智能障礙,Fraxe intellectual disability,309548,309548
先天性代謝疾病,AGA,天門冬胺醯葡萄糖胺尿症,Aspartylglucosaminuria,208400,208400
先天性代謝疾病,AGL,肝醣貯積病第 III 型,Glycogen storage disease III,232400,232400
先天性代謝疾病,AGPS,肢近端型點狀軟骨發育不良第 3 型,Rhizomelic chondrodysplasia punctata type 3,600121,600121
腎臟泌尿疾病,AGXT,原發性高草酸尿症第 1 型,Primary hyperoxaluria type 1,259900,259900
先天性代謝疾病,AHCY,高甲硫胺酸伴隨S-腺苷半胱氨酸水解酶缺乏症,Hypermethioninemia with deficiency of S-adenosylhomocysteine hydrolase,613752,613752
腦部與神經疾病,AHI1,Joubert 症候群第 3 型,Joubert syndrome 3,608629,608629
腦部與神經疾病,AIMP1,髓鞘形成不良性白質營養不良第3型,"Leukodystrophy, hypomyelinating, 3",260600,260600
眼部與視覺疾病,AIPL1,萊伯氏先天性黑曚症第 4 型,Leber congenital amaurosis 4,604393,604393
免疫疾病,AIRE,自體免疫多內分泌腺症候群第 1 型,Autoimmune polyendocrine syndrome type 1,240300,240300
先天性代謝疾病,ALDH3A2,Sjögren-Larsson 症候群,Sjögren-Larsson syndrome,270200,270200
先天性代謝疾病,ALDH4A1,高脯胺酸血症第二型,Hyperprolinemia type 2,239510,239510
腦部與神經疾病,ALDH7A1,吡哆醇依賴性癲癇,Pyridoxine-dependent epilepsy,266100,266100
先天性代謝疾病,ALDOB,遺傳性果糖不耐症,Hereditary fructose intolerance,229600,229600
先天性代謝疾病,ALG1,先天性醣基化障礙第 1k 型,"Congenital disorder of glycosylation, type Ik",608540,608540
腦部與神經疾病,ALG13,發展性癲癇腦病變 36,"Developmental and epileptic encephalopathy, 36",300884,300884
先天性代謝疾病,ALG6,先天性醣基化障礙第 1c 型,"Congenital disorder of glycosylation, type Ic",603147,603147
多症狀疾病,ALMS1,Alstrom症候群,Alstrom syndrome,203800,203800
骨骼疾病,ALPL,成人低磷酸酯酶症,"Hypophosphatasia, Adult",146300,146300
血液疾病,AMN,Imerslund-Grasbeck 症候群,Imerslund-Grasbeck syndrome,618882,618882
先天性代謝疾病,AMT,甘胺酸腦病變第 2 型,Glycine encephalopathy 2,620398,620398
腦部與神經疾病,ANO10,體染色體隱性脊髓小腦性運動失調第 10 型,Autosomal recessive spinocerebellar ataxia 10,613728,613728
先天性代謝疾病,AP1S1,Mednik 症候群,Mednik syndrome,609313,609313
腦部與神經疾病,AP1S2,症候群性 X 性聯遺傳智能障礙 5 型,Syndromic X-linked intellectual disability 5,304340,304340
腎臟泌尿疾病,AQP2,腎性尿崩症,"Diabetes insipidus, nephrogenic",125800,125800
內分泌疾病,AR,雄性素不敏感症候群,Androgen insensitivity syndrome,300068,300068
先天性代謝疾病,ARG1,精胺酸酶缺乏症,Arginase deficiency,207800,207800
腦部與神經疾病,ARL13B,Joubert 症候群第 8 型,Joubert syndrome 8,612291,612291
多症狀疾病,ARL6,Bardet-Biedl 症候群第 3 型,Bardet-biedl syndrome 3,600151,600151
腦部與神經疾病,ARSA,異染性腦白質退化症,Metachromatic leukodystrophy,250100,250100
先天性代謝疾病,ARSB,黏多醣症第 6 型,Mucopolysaccharidosis type 6,253200,253200
骨骼疾病,ARSL,X 性聯遺傳點狀軟骨發育不良第 1 型,X-linked chondrodysplasia punctata 1,302950,302950
腦部與神經疾病,ARX,X 性聯遺傳性聯遺傳智能障礙-ARX 型,"X-linked intellectual disability, ARX-related",300419,300419
先天性代謝疾病,ASL,精胺酸琥珀酸尿症,Argininosuccinic aciduria,207900,207900
先天性代謝疾病,ASNS,天門冬醯胺合成酶缺乏症,Asparagine synthetase deficiency,615574,615574
腦部與神經疾病,ASPA,Canavan氏病,Canavan disease,271900,271900
先天性代謝疾病,ASS1,瓜胺酸血症第 I 型,Citrullinemia type I,215700,215700
腦部與神經疾病,ATM,共濟失調微血管擴張症候群,Ataxia telangiectasia,208900,208900
腎臟泌尿疾病,ATP6V1B1,遠端腎小管酸中毒 2 合併進行性感音神經性聽力損失,Distal renal tubular acidosis 2 with progressive sensorineural hearing loss,267300,267300
先天性代謝疾病,ATP7A,Menkes氏症候群,Menkes disease,309400,309400
結締組織疾病,ATP7A,枕骨角症候群,Occipital horn syndrome,304150,304150
先天性代謝疾病,ATP7B,威爾森氏病,Wilson disease,277900,277900
消化疾病,ATP8B1,進行性家族性肝內膽汁滯留症第 1 型,Progressive familial intrahepatic cholestasis type 1,211600,211600
腦部與神經疾病,ATRX,甲型地中海型貧血-性聯遺傳智能障礙症候群,Alpha thalassemia-x-linked intellectual disability syndrome,301040,301040
腎臟泌尿疾病,AVPR2,腎源性抗利尿不當症候群,Nephrogenic syndrome of inappropriate antidiuresis,300539,300539
多症狀疾病,BBS1,Bardet-Biedl 症候群第 1 型,Bardet-biedl syndrome 1,209900,209900
多症狀疾病,BBS10,Bardet-Biedl 症候群第 10 型,Bardet-biedl syndrome 10,615987,615987
多症狀疾病,BBS12,Bardet-Biedl 症候群第 12 型,Bardet-biedl syndrome 12,615989,615989
多症狀疾病,BBS2,Bardet-Biedl 症候群第 2 型,Bardet-biedl syndrome 2,615981,615981
多症狀疾病,BBS4,Bardet-Biedl 症候群第 4 型,Bardet-biedl syndrome 4,615982,615982
多症狀疾病,BBS5,Bardet-Biedl 症候群第 5 型,Bardet-biedl syndrome 5,615983,615983
多症狀疾病,BBS7,Bardet-Biedl 症候群第 7 型,Bardet-biedl syndrome 7,615984,615984
多症狀疾病,BBS9,Bardet-Biedl 症候群第 9 型,Bardet-biedl syndrome 9,615986,615986
先天性代謝疾病,BCHE,假性膽鹼酯酶缺乏症,Butyrylcholinesterase deficiency,617936,617936
先天性代謝疾病,BCKDHA,楓糖尿症第 1A 型,Maple syrup urine disease type 1A,248600,248600
先天性代謝疾病,BCKDHB,楓糖尿症第 1B 型,Maple syrup urine disease type 1B,620698,620698
先天性代謝疾病,BCS1L,Bjornstad 症候群,Bjornstad syndrome,262000,262000
多症狀疾病,BLM,布隆氏症候群,Bloom syndrome,210900,210900
多症狀疾病,BLOC1S3,Hermansky-Pudlak 症候群第 8 型,Hermansky-pudlak syndrome 8,614077,614077
多症狀疾病,BLOC1S6,Hermansky-Pudlak 症候群第 9 型,Hermansky-pudlak syndrome 9,614171,614171
骨骼疾病,BMP1,成骨不全症第 13 型,Osteogenesis imperfecta type 13,614856,614856
血液疾病,BRIP1,Fanconi氏貧血J型,Fanconi anemia complementation group J,609054,609054
腦部與神經疾病,BRWD3,X 性聯遺傳智能障礙第 93 型,"Intellectual disability, x-linked 93",300659,300659
腎臟泌尿疾病,BSND,Bartter氏症候群第 4a 型,Bartter syndrome type 4a,602522,602522
先天性代謝疾病,BTD,生物素酵素缺乏症,Biotinidase deficiency,253260,253260
免疫疾病,BTK,布魯頓式低免疫球蛋白症,Bruton-type agammaglobulinemia,300755,300755
腦部與神經疾病,CAD,發展性癲癇腦病變 50,"Developmental and epileptic encephalopathy, 50",616457,616457
骨骼疾病,CANT1,Desbuquois氏發育不全症第 1 型,Desbuquois dysplasia 1,251450,251450
肌肉疾病,CAPN3,肢帶型肌肉失養症第 2A 型,Limb-girdle muscular dystrophy type 2A,253600,253600
心血管疾病,CASQ2,兒茶酚胺敏感性多形性室性心搏過速(CPVT)第 2 型,Catecholaminergic polymorphic ventricular tachycardia 2,611938,611938
先天性代謝疾病,CBS,典型高胱胺酸尿症,Classic homocystinuria,236200,236200
腦部與神經疾病,CC2D1A,體染色體隱性智能障礙第 3 型,"Intellectual disability, autosomal recessive 3",608443,608443
腦部與神經疾病,CC2D2A,Joubert 症候群第 9 型,Joubert syndrome 9,612285,612285
呼吸疾病,CCDC39,原發性纖毛運動障礙 14 型,Primary ciliary dyskinesia 14,613807,613807
腦部與神經疾病,CCDC88C,體染色體隱性非症候群性水腦症第 1 型,"Hydrocephalus, nonsyndromic, autosomal recessive 1",236600,236600
骨骼疾病,CCN6,進行性假性類風濕樣骨發育不良,Progressive pseudorheumatoid dysplasia,208230,208230
免疫疾病,CD3D,免疫缺乏症第 19 型,Immunodeficiency 19,615617,615617
免疫疾病,CD3E,免疫缺乏症第 18 型,Immunodeficiency 18,615615,615615
免疫疾病,CD40,高免疫球蛋白M症候群第 3 型,Hyper-IgM syndrome type 3,606843,606843
免疫疾病,CD40LG,高免疫球蛋白M症候群第 1 型,Hyper-IgM syndrome type 1,308230,308230
免疫疾病,CD59,原發性 CD59 缺乏症,Primary CD59 deficiency,612300,612300
耳部與聽覺疾病,CDH23,Usher 症候群第 1D 型,Usher syndrome type 1D,601067,601067
腦部與神經疾病,CEP152,體染色體隱性原發性小頭症,Autosomal recessive primary microcephaly,614852,614852
眼部與視覺疾病,CEP250,視錐-視桿細胞失養症伴聽力喪失第2型,Cone-rod dystrophy and hearing loss 2,618358,618358
腦部與神經疾病,CEP290,Joubert 症候群第 5 型,Joubert syndrome 5,610188,610188
眼部與視覺疾病,CEP78,視錐-視桿細胞失養症伴聽力喪失第1型,Cone-rod dystrophy and hearing loss 1,617236,617236
眼部與視覺疾病,CERKL,視網膜色素變性第 26 型,Retinitis pigmentosa 26,608380,608380
眼部與視覺疾病,CFAP418,視錐-視桿細胞失養症第16型,Cone-rod dystrophy 16,614500,614500
呼吸疾病,CFTR,囊性纖維化,Cystic fibrosis,219700,219700
肌肉疾病,CHAT,先天性肌無力症候群第 6 型,Congenital myasthenic syndrome 6,254210,254210
眼部與視覺疾病,CHM,脈絡膜失養症,Choroideremia,303100,303100
肌肉疾病,CHRNE,先天性肌無力症候群,Congenital myasthenic syndrome,605809,605809
多症狀疾病,CHRNG,體染色體隱性多發性翼狀膜症候群,Autosomal recessive multiple pterygium syndrome,253290,253290
眼部與視覺疾病,CHST6,斑狀角膜失養症,Macular corneal dystrophy,217800,217800
免疫疾病,CIITA,主要組織相容性複合體 II 類缺乏症,MHC class II deficiency,209920,209920
肌肉疾病,CLCN1,體染色體隱性先天性肌強直症,"Myotonia congenita, autosomal recessive",255700,255700
腎臟泌尿疾病,CLCNKB,巴特氏症候群第3型,"Bartter syndrome, type 3",607364,607364
腦部與神經疾病,CLN3,神經元蠟樣脂褐質沉著疾病 3 型,Neuronal ceroid lipofuscinosis 3,204200,204200
腦部與神經疾病,CLN5,神經元蠟樣脂褐質沉著疾病 5 型,Neuronal ceroid lipofuscinosis 5,256731,256731
腦部與神經疾病,CLN6,神經元蠟樣脂褐質儲積症 6A,"Ceroid lipofuscinosis, neuronal, 6A",601780,601780
腦部與神經疾病,CLN8,神經元蠟樣脂褐質沉著疾病 8 型,Neuronal ceroid lipofuscinosis 8,600143,600143
耳部與聽覺疾病,CLRN1,Usher 症候群第 3A 型,Usher syndrome type 3A,276902,276902
眼部與視覺疾病,CNGA1,視網膜色素變性第 49 型,Retinitis pigmentosa 49,613756,613756
眼部與視覺疾病,CNGA3,全色盲第 2 型,Achromatopsia 2,216900,216900
眼部與視覺疾病,CNGB1,視網膜色素變性第 45 型,Retinitis pigmentosa 45,613767,613767
眼部與視覺疾病,CNGB3,全色盲第 3 型,Achromatopsia 3,262300,262300
耳部與聽覺疾病,COL11A2,體染色體隱性非症候群性聽力損失 53,Autosomal recessive nonsyndromic hearing loss 53,609706,609706
皮膚與毛髮疾病,COL17A1,非赫氏接合型表皮溶解水皰症,"Junctional epidermolysis bullosa, non-Herlitz type",619787,619787
骨骼疾病,COL1A2,成骨不全症；Ehlers-Danlos症候群,Combined osteogenesis imperfecta and Ehlers-Danlos syndrome 2,619120,619120
骨骼疾病,COL27A1,鋼鐵症候群,Steel syndrome,615155,615155
腎臟泌尿疾病,COL4A3,Alport氏症候群第 3B 型,Alport syndrome 3B,620536,620536
腎臟泌尿疾病,COL4A4,Alport氏症候群第 2 型,Alport syndrome 2,203780,203780
腎臟泌尿疾病,COL4A5,X 性聯遺傳Alport氏症候群,X-linked Alport syndrome,301050,301050
皮膚與毛髮疾病,COL7A1,體染色體隱性營養失養型表皮分解水皰症,"Epidermolysis bullosa dystrophica, autosomal recessive",226600,226600
先天性代謝疾病,COX15,致死性嬰兒期心腦肌病變第 2 型,"Cardioencephalomyopathy, fatal infantile, due to cytochrome c oxidase deficiency 2",615119,615119
先天性代謝疾病,CPS1,胺基甲醯基磷酸酶I缺乏症,Carbamoyl phosphate synthetase I deficiency disease,237300,237300
先天性代謝疾病,CPT1A,肉鹼結合酶缺乏症第 1 型,Carnitine palmitoyl transferase 1A deficiency,255120,255120
先天性代謝疾病,CPT2,肉鹼結合酶缺乏症第 2 型,Carnitine palmitoyltransferase II deficiency,255110,255110
眼部與視覺疾病,CRB1,萊伯氏先天性黑曚症第 8 型,Leber congenital amaurosis 8,613835,613835
眼部與視覺疾病,CRB1,視網膜色素變性第 12 型,Retinitis pigmentosa-12,600105,600105
骨骼疾病,CRTAP,成骨不全症第 7 型,Osteogenesis imperfecta type 7,610682,610682
先天性代謝疾病,CTNS,胱胺酸血症,Cystinosis,219800,219800
先天性代謝疾病,CTSA,半乳糖唾液酸貯積症,Galactosialidosis,256540,256540
皮膚與毛髮疾病,CTSC,Papillon-Lefèvre 病,Papillon-Lefèvre disease,245000,245000
腦部與神經疾病,CTSD,神經元蠟樣脂褐質沉著疾病 10 型,Neuronal ceroid lipofuscinosis 10,610127,610127
骨骼疾病,CTSK,緻密性成骨不全症,Pycnodysostosis,265800,265800
腦部與神經疾病,CUL4B,X 性聯遺傳智能障礙 Cabezas 型,"X-linked intellectual disability, cabezas type",300354,300354
免疫疾病,CYBA,慢性肉芽腫病第 4 型,Chronic granulomatous disease 4,233690,233690
免疫疾病,CYBB,X 性聯遺傳慢性肉芽腫病,"Chronic granulomatous disease, X-linked",306400,306400
內分泌疾病,CYP11A1,"先天性腎上腺功能不全合併 46, XY 性反轉","Congenital adrenal insufficiency with 46, xy sex reversal",613743,613743
內分泌疾病,CYP11B1,先天性腎上腺增生症-11b羥化酶缺失症,Congenital adrenal hyperplasia due to 11-beta-hydroxylase deficiency,202010,202010
內分泌疾病,CYP11B2,皮質酮甲基氧化酶缺乏症第 1 型,Corticosterone methyloxidase type 1 deficiency,203400,203400
內分泌疾病,CYP17A1,先天性腎上腺增生症-17a羥化酶缺失症,Congenital adrenal hyperplasia due to 17-alpha-hydroxylase deficiency,202110,202110
內分泌疾病,CYP19A1,芳香環化酶缺乏症,Aromatase deficiency,613546,613546
眼部與視覺疾病,CYP1B1,青光眼 3A 型,Glaucoma 3A,231300,231300
內分泌疾病,CYP21A2,先天性腎上腺增生症-21羥化酶缺失症,Classic congenital adrenal hyperplasia due to 21-hydroxylase deficiency,201910,201910
先天性代謝疾病,CYP27A1,腦腱性黃瘤症,Cerebrotendinous xanthomatosis,213700,213700
骨骼疾病,CYP27B1,維生素 D 依賴性佝僂症第 1A 型,"Vitamin D-dependent rickets, type 1A",264700,264700
骨骼疾病,CYP2R1,維生素 D 依賴性佝僂症第 1B 型,"Vitamin D-dependent rickets, type 1",600081,600081
腦部與神經疾病,CYP7B1,遺傳性痙攣性下肢麻痺第 5A 型,Hereditary spastic paraplegia 5A,270800,270800
先天性代謝疾病,DBT,楓糖尿症第 2 型,Maple syrup urine disease type 2,620699,620699
多症狀疾病,DCAF17,Woodhouse-Sakati 症候群,Woodhouse-Sakati syndrome,241080,241080
免疫疾病,DCLRE1C,嚴重複合型免疫缺乏症-DCLRE1C 缺乏,Severe combined immunodeficiency due to DCLRE1C deficiency,602450,602450
腦部與神經疾病,DCX,X 性聯遺傳平腦症,"Lissencephaly, X-linked",300067,300067
多症狀疾病,DDX11,華沙斷裂症候群,Warsaw breakage syndrome,613398,613398
消化疾病,DGAT1,先天性腹瀉 7 型合併滲出性腸病變,Congenital diarrhea 7 with exudative enteropathy,615863,615863
先天性代謝疾病,DGUOK,粒線體DNA耗竭症候群第 3 型(肝腦病變型),Mitochondrial DNA depletion syndrome 3 (hepatocerebral type),251880,251880
先天性代謝疾病,DHCR7,Smith-Lemli-Opitz 症候群,Smith-Lemli-Opitz syndrome,270400,270400
眼部與視覺疾病,DHDDS,視網膜色素變性第 59 型,Retinitis pigmentosa 59,613861,613861
血液疾病,DKC1,X 性聯遺傳先天性角化不良症,"Dyskeratosis congenita, X-linked",305000,305000
先天性代謝疾病,DLD,二氫硫辛醯胺脫氫酶(E3)缺乏症,Dihydrolipoamide dehydrogenase deficiency,246900,246900
腦部與神經疾病,DLG3,X 性聯遺傳智能障礙第 90 型,"Intellectual disability, x-linked 90",300850,300850
骨骼疾病,DLL3,脊椎肋骨發育不全第 1 型,Spondylocostal dysostosis 1,277300,277300
肌肉疾病,DMD,裘馨氏肌肉失養症,Duchenne muscular dystrophy,310200,310200
肌肉疾病,DMD,貝克氏肌肉失養症,Becker muscular dystrophy,300376,300376
呼吸疾病,DNAAF19,原發性纖毛運動障礙 17 型,Primary ciliary dyskinesia 17,614679,614679
呼吸疾病,DNAH11,原發性纖毛運動障礙 7 型,Primary ciliary dyskinesia 3,611884,611884
呼吸疾病,DNAH5,原發性纖毛運動障礙 3 型,,608644,608644
呼吸疾病,DNAI1,原發性纖毛運動障礙 1 型,Primary ciliary dyskinesia 1,244400,244400
呼吸疾病,DNAI2,原發性纖毛運動障礙 9 型,Primary ciliary dyskinesia 9,612444,612444
呼吸疾病,DNAL1,原發性纖毛運動障礙 16 型,Primary ciliary dyskinesia 16,614017,614017
免疫疾病,DNMT3B,免疫缺陷-著絲粒不穩定-臉部異常症候群第 1 型,Immunodeficiency-centromeric instability-facial anomalies syndrome 1,242860,242860
肌肉疾病,DOK7,先天性肌無力症候群第 10 型,Congenital myasthenic syndrome 10,254300,254300
先天性代謝疾病,DPYD,二氫嘧啶脫氫酶缺乏症,Dihydropyrimidine dehydrogenase deficiency,274270,274270
內分泌疾病,DUOX2,甲狀腺素合成異常 6 型,Thyroid dyshormonogenesis 6,607200,607200
內分泌疾病,DUOXA2,甲狀腺素合成異常 5 型,Thyroid dyshormonogenesis 5,274900,274900
骨骼疾病,DYNC2H1,窒息性胸廓發育不良第 3 型,Asphyxiating thoracic dystrophy 3,613091,613091
肌肉疾病,DYSF,肢帶型肌肉失養症第 2B 型,Limb-girdle muscular dystrophy type 2B,253601,253601
皮膚與毛髮疾病,EDA,X 性聯遺傳少汗性外胚層發育不良,X-linked hypohidrotic ectodermal dysplasia,305100,305100
皮膚與毛髮疾病,EDAR,外胚層增生不良症 10B 型,"Ectodermal dysplasia 10B, hypohidrotic/hair/tooth type",224900,224900
內分泌疾病,EIF2AK3,Wolcott-Rallison 症候群,Wolcott-Rallison syndrome,226980,226980
腦部與神經疾病,EIF2B1,腦白質消失症,Leukoencephalopathy with vanishing white matter,603896,603896
腦部與神經疾病,EIF2B2,腦白質消失症,Leukoencephalopathy with vanishing white matter,620312,620312
腦部與神經疾病,EIF2B3,腦白質消失症,Leukoencephalopathy with vanishing white matter,620313,620313
腦部與神經疾病,EIF2B4,腦白質消失症,Leukoencephalopathy with vanishing white matter,620314,620314
腦部與神經疾病,EIF2B5,腦白質消失症,Leukoencephalopathy with vanishing white matter,620315,620315
肌肉疾病,ELP1,家族性自主神經功能異常,Familial dysautonomia,223900,223900
肌肉疾病,EMD,Emery-Dreifuss 肌失養症第 1 型,Emery-Dreifuss muscular dystrophy 1,310300,310300
多症狀疾病,EPG5,Vici 症候群,Vici syndrome,242840,242840
腦部與神經疾病,EPM2A,拉福拉進行性肌陣攣癲癇,Myoclonic epilepsy of Lafora 1,254780,254780
腦部與神經疾病,ERBB3,致死先天性攣縮綜合症第 2 型,Lethal congenital contracture syndrome 2,607598,607598
多症狀疾病,ERCC2,大腦-眼眶-臉部-骨骼異常症候群第 2 型,Cerebrooculofacioskeletal syndrome 2,610756,610756
多症狀疾病,ERCC6,Cockayne 症候群第 2 型,Cockayne syndrome type 2,133540,133540
多症狀疾病,ERCC8,Cockayne 症候群第 1 型,Cockayne syndrome type 1,216400,216400
多症狀疾病,ESCO2,Roberts-SC 海豹肢症候群,Roberts-SC phocomelia syndrome,268300,268300
先天性代謝疾病,ETFA,戊二酸血症第 IIA 型,Glutaric acidemia IIA,231680,231680
先天性代謝疾病,ETFB,戊二酸血症第 IIB 型,Glutaric acidemia IIB,231680,231680
先天性代謝疾病,ETFDH,戊二酸血症第 IIC 型,Glutaric acidemia IIC,231680,231680
先天性代謝疾病,ETHE1,乙基丙二酸腦病變,Ethylmalonic encephalopathy,602473,602473
骨骼疾病,EVC,Ellis-van Creveld 症候群,Ellis-van Creveld syndrome,225500,225500
骨骼疾病,EVC2,Ellis-van Creveld 症候群,Ellis-van Creveld syndrome,225500,225500
腦部與神經疾病,EXOSC3,橋腦小腦發育不全第 1B 型,Pontocerebellar hypoplasia type 1B,614678,614678
眼部與視覺疾病,EYS,視網膜色素變性第 25 型,Retinitis pigmentosa 25,602772,602772
血液疾病,F11,先天性凝血因子 XI 缺乏症,Congenital factor XI deficiency,612416,612416
血液疾病,F2,先天性凝血酶原缺乏症,Congenital prothrombin deficiency,613679,613679
血液疾病,F5,先天性凝血因子 V 缺乏症,Congenital factor V deficiency,227400,227400
血液疾病,F8,血友病 A 型,Hemophilia A,306700,306700
血液疾病,F9,血友病 B 型,Hemophilia B,306900,306900
先天性代謝疾病,FAH,高酪胺酸血症第 I 型,Tyrosinemia type I,276700,276700
眼部與視覺疾病,FAM161A,視網膜色素變性第 28 型,Retinitis pigmentosa 28,606068,606068
血液疾病,FANCA,Fanconi氏貧血A型,Fanconi anemia complementation group A,227650,227650
血液疾病,FANCB,Fanconi氏貧血B型,"Fanconi anemia, complementation group B",300514,300514
血液疾病,FANCC,Fanconi氏貧血C型,Fanconi anemia complementation group C,227645,227645
血液疾病,FANCD2,Fanconi氏貧血D2型,Fanconi anemia complementation group D2,227646,227646
血液疾病,FANCE,Fanconi氏貧血E型,Fanconi anemia complementation group E,600901,600901
血液疾病,FANCG,Fanconi氏貧血G型,Fanconi anemia complementation group G,614082,614082
血液疾病,FANCI,Fanconi氏貧血I型,Fanconi anemia complementation group I,609053,609053
血液疾病,FANCL,Fanconi氏貧血L型,Fanconi anemia complementation group L,614083,614083
先天性代謝疾病,FBP1,"果糖-1,6-二磷酸酶缺乏症","Fructose-1,6-bisphosphatase deficiency",229700,229700
腦部與神經疾病,FBXO7,帕金森氏症-錐體束症候群,Parkinsonian-Pyramidal syndrome,260300,260300
多症狀疾病,FGD1,X 性聯遺傳Aarskog Scott症候群,"Aarskog-Scott syndrome, X-linked",305400,305400
先天性代謝疾病,FH,延胡索酸缺乏症,Fumarase deficiency,606812,606812
肌肉疾病,FHL1,Emery-Dreifuss 肌失養症第 6 型,Emery-dreifuss muscular dystrophy 6,300696,300696
骨骼疾病,FKBP10,成骨不全症第 11 型,Osteogenesis imperfecta type 11,610968,610968
肌肉疾病,FKRP,肌失養症-肌醇糖蛋白病變 B5 型,Muscular dystrophy-dystroglycanopathy type B5,606612,606612
肌肉疾病,FKTN,肢帶型肌肉失養症第 2M 型,Limb-girdle muscular dystrophy type 2M,611588,611588
先天性代謝疾病,FMO3,三甲基胺尿症 (臭魚症),Trimethylaminuria,602079,602079
腦部與神經疾病,FMR1,脆性 X 染色體症候群,Fragile X syndrome,300624,300624
免疫疾病,FOXN1,T 細胞免疫缺乏症、先天性禿髮和指甲失養症,"T-cell immunodeficiency, congenital alopecia, and nail dystrophy",601705,601705
先天性代謝疾病,FOXRED1,粒線體複合體 1 缺乏症，核型 19,"Mitochondrial complex I deficiency, nuclear type 19",618241,618241
多症狀疾病,FRAS1,Fraser 症候群第 1 型,Fraser syndrome 1,219000,219000
多症狀疾病,FREM2,Fraser 症候群第 2 型,Fraser syndrome 2,617666,617666
先天性代謝疾病,FTCD,谷氨酸甲酰亞胺基轉移酶缺乏症,Glutamate formiminotransferase deficiency,229100,229100
腦部與神經疾病,FTSJ1,X 性聯遺傳智能障礙第 9 型,"Intellectual disability, x-linked 9",309549,309549
先天性代謝疾病,FUCA1,岩藻糖貯積症,Fucosidosis,230000,230000
腦部與神經疾病,FXN,弗雷德賴希氏共濟失調,Friedreich ataxia,229300,229300
先天性代謝疾病,G6PC1,肝醣貯積病第 Ia 型,Glycogen storage disease Ia,232200,232200
血液疾病,G6PC3,德爾森症候群,Dursun syndrome,612541,612541
血液疾病,G6PD,葡萄糖-6-磷酸去氫酶缺乏症,G6PD deficiency,300908,300908
先天性代謝疾病,GAA,肝醣貯積病第 II 型,Glycogen storage disease II,232300,232300
腦部與神經疾病,GALC,Krabbe 氏症,Krabbe disease,245200,245200
先天性代謝疾病,GALE,半乳糖異構酶缺乏症,Galactose epimerase deficiency,230350,230350
先天性代謝疾病,GALK1,半乳糖激酶缺乏症,Galactokinase deficiency,230200,230200
先天性代謝疾病,GALNS,黏多醣症第 4A 型,Mucopolysaccharidosis type 4A,253000,253000
先天性代謝疾病,GALNT3,家族性高磷酸鹽血症性腫瘤鈣質沉著症第 1 型,"Tumoral calcinosis, hyperphosphatemic, familial, 1",211900,211900
先天性代謝疾病,GALT,半乳糖血症,Galactosemia,230400,230400
腦部與神經疾病,GAMT,胍基乙酸鹽甲基轉移酶缺乏症,Guanidinoacetate methyltransferase deficiency,612736,612736
腦部與神經疾病,GATM,左旋精胺酸甘胺酸胺基轉移酶缺乏症,AGAT deficiency,612718,612718
先天性代謝疾病,GBA1,高雪氏症,Gaucher disease,230800,230800
先天性代謝疾病,GBE1,肝醣貯積病第 IV 型,Glycogen storage disease IV,232500,232500
先天性代謝疾病,GCDH,戊二酸尿症第 I 型,"Glutaricaciduria, type I",231670,231670
先天性代謝疾病,GCH1,BH4 缺乏型高苯丙胺酸血症 B 型,BH4-deficient hyperphenylalaninemia B,233910,233910
腦部與神經疾病,GDAP1,Charcot-Marie-Tooth 氏症第 4A 型,Charcot-Marie-Tooth disease type 4A,214400,214400
骨骼疾病,GDF5,肢端中段骨發育不良第 2A 型,Acromesomelic dysplasia 2A,200700,200700
先天性代謝疾病,GFM1,氧化磷酸化缺失症第 1 型,Combined oxidative phosphorylation deficiency 1,609060,609060
內分泌疾病,GH1,生長激素缺乏症,"Growth hormone deficiency, isolated, type IA",262400,262400
內分泌疾病,GHR,Laron 症候群,Laron syndrome,262500,262500
多症狀疾病,GJA1,眼牙指發育不良症,"Oculodentodigital dysplasia, autosomal recessive",257850,257850
腦部與神經疾病,GJB1,Charcot-Marie-Tooth 氏症 X 性聯遺傳第 1 型,Charcot-Marie-Tooth disease X-linked dominant 1,302800,302800
耳部與聽覺疾病,GJB2,體染色體隱性非症候群性聽力損失 1A,Autosomal recessive nonsyndromic hearing loss 1A,220290,220290
耳部與聽覺疾病,GJB6,體染色體隱性聽力損失,"Hearing loss, autosomal recessive",612645,612645
先天性代謝疾病,GLA,法布瑞氏症,Fabry disease,301500,301500
先天性代謝疾病,GLB1,黏多醣症第 4B 型,Mucopolysaccharidosis type 4B,253010,253010
先天性代謝疾病,GLDC,甘胺酸腦病變第 1 型,Glycine encephalopathy 1,605899,605899
腦部與神經疾病,GLE1,致死先天性攣縮綜合症第 1 型,Lethal congenital contracture syndrome 1,253310,253310
腎臟泌尿疾病,GLIS2,腎消耗病第7型,Nephronophthisis 7,611498,611498
肌肉疾病,GNE,GNE 肌病變,GNE myopathy,605820,605820
先天性代謝疾病,GNPAT,肢近端型點狀軟骨發育不良第 2 型,Rhizomelic chondrodysplasia punctata type 2,222765,222765
先天性代謝疾病,GNPTAB,黏脂質症第2型α/β,Mucolipidosis II alpha/beta,252500,252500
先天性代謝疾病,GNPTAB,黏脂質症第3型α/β,Mucolipidosis III alpha/beta,252600,252600
先天性代謝疾病,GNPTG,黏脂質症第3型γ,Mucolipidosis III gamma,252605,252605
內分泌疾病,GNRHR,促性腺激素不足性性腺功能低下症第 7 型,Hypogonadotropic hypogonadism 7 with or without anosmia,146110,146110
先天性代謝疾病,GNS,黏多醣症第 3D 型,Mucopolysaccharidosis type 3D,252940,252940
結締組織疾病,GORAB,老年樣皮膚骨質發育不良,Geroderma osteodysplastica,231070,231070
血液疾病,GP1BA,Bernard-Soulier 症候群,Bernard-soulier syndrome,231200,231200
血液疾病,GP9,Bernard-Soulier 症候群,Bernard-soulier syndrome,231200,231200
眼部與視覺疾病,GPR143,X 性聯遺傳眼睛白化症,X-linked ocular albinism,300500,300500
腎臟泌尿疾病,GRHPR,原發性高草酸尿症第 2 型,Primary hyperoxaluria type 2,260000,260000
多症狀疾病,GRIP1,Fraser 症候群第 3 型,Fraser syndrome 3,617667,617667
眼部與視覺疾病,GRM6,先天性靜止性夜盲症第1B型,"Night blindness, congenital stationary (complete), 1B, autosomal recessive",257270,257270
先天性代謝疾病,GSS,穀胱甘肽合成酶缺乏症合併焦谷氨酸尿症,Glutathione synthetase deficiency with 5-oxoprolinuria,266130,266130
眼部與視覺疾病,GUCY2D,萊伯氏先天性黑曚症第 1 型,Leber congenital amaurosis 1,204000,204000
先天性代謝疾病,GUSB,黏多醣症第 7 型,Mucopolysaccharidosis type 7,253220,253220
先天性代謝疾病,HADH,3-羥脂醯輔酶 A 去氫酶缺乏症,3-hydroxyacyl-CoA dehydrogenase deficiency,231530,231530
先天性代謝疾病,HADHA,長鏈-3-羥基乙醯輔酶A脫氫酶缺乏症,Long chain 3-hydroxyacyl-CoA dehydrogenase deficiency,609016,609016
先天性代謝疾病,HADHB,粒線體三功能蛋白缺乏症,Mitochondrial trifunctional protein deficiency 2,620300,620300
血液疾病,HAMP,血色素沉著症第 2B 型,Hemochromatosis type 2B,613313,613313
血液疾病,HAX1,Kostmann 症候群,Kostmann syndrome,610738,610738
血液疾病,HBA1,甲型地中海型貧血,Alpha thalassemia,604131,604131
血液疾病,HBA1/HBA2,甲型地中海型貧血,Alpha thalassemia,604131,604131
血液疾病,HBB,乙型地中海型貧血,Beta thalassemia,613985,613985
血液疾病,HBB,鐮刀型紅血球疾病,Sickle cell disease,603903,603903
先天性代謝疾病,HCFC1,甲基丙二酸血症合併高胱胺酸尿症 cblX 型,"Methylmalonic acidemia with homocystinuria, type cblX",309541,309541
腦部與神經疾病,HESX1,視中隔發育不全症,Septooptic dysplasia,182230,182230
先天性代謝疾病,HEXA,戴薩克斯症,Tay-Sachs disease,272800,272800
腦部與神經疾病,HEXB,Sandhoff 病,Sandhoff disease,268800,268800
血液疾病,HFE,血色素沉著症第 1 型,Hemochromatosis type 1,235200,235200
先天性代謝疾病,HGD,黑尿症,Alkaptonuria,203500,203500
先天性代謝疾病,HGSNAT,黏多醣症第 3 型,Mucopolysaccharidosis type 3,252930,252930
血液疾病,HJV,血色素沉著症第 2A 型,Hemochromatosis type 2A,602390,602390
先天性代謝疾病,HLCS,全羧化酶合成酶缺乏症,Holocarboxylase synthetase deficiency,253270,253270
先天性代謝疾病,HMGCL,3-羥基-3-甲基戊二酸尿症,3-hydroxy-3-methylglutaric aciduria,246450,246450
血液疾病,HMOX1,血紅素氧化酶 1 缺乏症,Heme oxygenase 1 deficiency,614034,614034
腎臟泌尿疾病,HOGA1,原發性高草酸尿症第 3 型,Primary hyperoxaluria type 3,613616,613616
先天性代謝疾病,HPD,高酪胺酸血症第 III 型,Tyrosinemia type III,276710,276710
先天性代謝疾病,HPRT1,Lesch-Nyhan 症候群,Lesch-Nyhan syndrome,300322,300322
多症狀疾病,HPS1,Hermansky-Pudlak 症候群第 1 型,Hermansky-pudlak syndrome 1,203300,203300
多症狀疾病,HPS3,Hermansky-Pudlak 症候群第 3 型,Hermansky-pudlak syndrome 3,614072,614072
多症狀疾病,HPS4,Hermansky-Pudlak 症候群第 4 型,Hermansky-pudlak syndrome 4,614073,614073
多症狀疾病,HPS5,Hermansky-Pudlak 症候群第 5 型,Hermansky-pudlak syndrome 5,614074,614074
多症狀疾病,HPS6,Hermansky-Pudlak 症候群第 6 型,Hermansky-pudlak syndrome 6,614075,614075
先天性代謝疾病,HSD17B10,HSD10 粒線體疾病,HSD10 mitochondrial disease,300438,300438
內分泌疾病,HSD17B3,"46, XY 性發展障礙-HSD17B3 型","46,XY disorder of sex development due to 17-beta-hydroxysteroid dehydrogenase 3 deficiency",264300,264300
先天性代謝疾病,HSD17B4,D-雙功能蛋白缺乏症,D-bifunctional protein deficiency,261515,261515
內分泌疾病,HSD3B2,先天性腎上腺增生症-3b羥化酶缺失症,Congenital adrenal hyperplasia due to 3-beta-hydroxysteroid dehydrogenase deficiency,201810,201810
腦部與神經疾病,HSPD1,髓鞘形成不良性白質營養不良第4型,"Leukodystrophy, hypomyelinating, 4",612233,612233
先天性代謝疾病,HYAL1,黏多醣症第 9 型,Mucopolysaccharidosis type 9,601492,601492
多症狀疾病,HYLS1,Hydrolethalus症候群第 1 型,Hydrolethalus syndrome 1,236680,236680
眼部與視覺疾病,IDH3B,視網膜色素變性第 46 型,Retinitis pigmentosa 46,612572,612572
先天性代謝疾病,IDS,黏多醣症第 2 型,Mucopolysaccharidosis type 2,309900,309900
先天性代謝疾病,IDUA,黏多醣症第 1 型,Mucopolysaccharidosis type 1,607014,607014
內分泌疾病,IGF1,類胰島素生長因子I缺乏症,Insulin-like growth factor I deficiency,608747,608747
腦部與神經疾病,IGHMBP2,體染色體隱性遠端脊髓性肌肉萎縮症第 1 型,Autosomal recessive distal spinal muscular atrophy 1,604320,604320
免疫疾病,IKBKB,嚴重複合型免疫缺乏症-IKK2 缺乏,Severe combined immunodeficiency due to IKK2 deficiency,615592,615592
腦部與神經疾病,IL1RAPL1,X 性聯遺傳智能障礙第 21 型,"Intellectual disability, x-linked 21",300143,300143
免疫疾病,IL2RG,嚴重複合型免疫缺乏症-gamma 鏈缺乏,T-B+ severe combined immunodeficiency due to gamma chain deficiency,300400,300400
免疫疾病,IL7R,免疫缺乏症第 104 型,Immunodeficiency 104,608971,608971
腦部與神經疾病,INPP5E,Joubert症候群第1型,Joubert syndrome 1,213300,213300
腦部與神經疾病,INPP5E,MORM症候群,"Impaired intellectual development, truncal obesity, retinal dystrophy, and micropenis syndrome",610156,610156
腎臟泌尿疾病,INVS,腎消耗病第 2 型,Nephronophthisis 2,602088,602088
皮膚與毛髮疾病,ITGA6,接合型表皮溶解水皰症合併幽門閉鎖,Junctional epidermolysis bullosa with pyloric atresia,619817,619817
血液疾病,ITGB3,Glanzmann氏血小板無力症,Glanzmann's thrombasthenia,619267,619267
皮膚與毛髮疾病,ITGB4,非赫氏接合型表皮溶解水皰症,"Junctional epidermolysis bullosa, non-Herlitz type",619816,619816
先天性代謝疾病,IVD,異戊酸血症,Isovaleric acidemia,243500,243500
內分泌疾病,IYD,甲狀腺素合成異常 4 型,Thyroid dyshormonogenesis 4,274800,274800
免疫疾病,JAK3,T-B+嚴重複合型免疫缺乏症-JAK3 缺乏,T-B+ severe combined immunodeficiency due to JAK3 deficiency,600802,600802
腎臟泌尿疾病,KCNJ1,Bartter氏症候群第 2 型,Bartter syndrome type 2,241200,241200
內分泌疾病,KCNJ11,家族性高胰島素性低血糖症第 2 型,"Hyperinsulinemic hypoglycemia, familial, 2",601820,601820
腦部與神經疾病,KDM5C,症候群性 X 性聯遺傳智能障礙 Claes-Jensen 型,Syndromic X-linked intellectual disability Claes-Jensen type,300534,300534
腦部與神經疾病,L1CAM,MASA 症候群,MASA syndrome,303350,303350
腦部與神經疾病,L1CAM,X 性聯遺傳先天性水腦症,Congenital X-linked hydrocephalus,307000,307000
腦部與神經疾病,L1CAM,X 性聯遺傳胼胝體部分缺如,"Partial agenesis of the corpus callosum, X-linked",304100,304100
肌肉疾病,LAMA2,先天性板素缺乏型肌肉失養症 1A 型,Congenital merosin-deficient muscular dystrophy 1A,607855,607855
皮膚與毛髮疾病,LAMA3,接合型表皮溶解水皰症,Junctional epidermolysis bullosa,619783,619783
皮膚與毛髮疾病,LAMB3,接合型表皮溶解水皰症,Junctional epidermolysis bullosa,226650,226650
皮膚與毛髮疾病,LAMC2,接合型表皮溶解水皰症,Junctional epidermolysis bullosa,619785,619785
免疫疾病,LAMTOR2,原發性免疫缺乏症候群-LAMTOR2 型,Immunodeficiency due to defect in MAPBP-interacting protein,610798,610798
肌肉疾病,LARGE1,肌失養症-肌醇糖蛋白病變 A6 型,"Muscular dystrophy-dystroglycanopathy, type A6",613154,613154
眼部與視覺疾病,LCA5,萊伯氏先天性黑曚症第 5 型,Leber congenital amaurosis 5,604537,604537
先天性代謝疾病,LCAT,卵磷脂膽固醇醯基轉移酶缺乏症,LCAT deficiency,245900,245900
心血管疾病,LDLR,家族性高膽固醇血症第 1 型,"Hypercholesterolemia, familial, 1",143890,143890
心血管疾病,LDLRAP1,家族性高膽固醇血症第 4 型,"Hypercholesterolemia, familial, 4",603813,603813
內分泌疾病,LHX3,腦下垂體激素缺失症第 3 型,"Pituitary hormone deficiency, combined, 3",221750,221750
骨骼疾病,LIFR,Stüve-Wiedemann 症候群,Stüve-wiedemann syndrome,601559,601559
免疫疾病,LIG4,LIG4 症候群,LIG4 syndrome,606593,606593
先天性代謝疾病,LIPA,溶酶體酸性脂肪酶缺乏症,Lysosomal acid lipase deficiency,278000,278000
皮膚與毛髮疾病,LIPH,毛髮稀疏症；體染色體隱性羊毛狀頭髮第 2 型,"Hypotrichosis 7; Woolly hair, autosomal recessive 2",604379,604379
先天性代謝疾病,LMBRD1,甲基丙二酸尿症合併高胱胺酸尿症 cblF 型,Methylmalonic aciduria and homocystinuria type cblF,277380,277380
耳部與聽覺疾病,LOXHD1,體染色體隱性非症候群性聽力損失 77,Autosomal recessive nonsyndromic hearing loss 77,613079,613079
先天性代謝疾病,LPL,家族性脂蛋白脂解酶缺乏症,Familial lipoprotein lipase deficiency,238600,238600
眼部與視覺疾病,LRAT,萊伯氏先天性黑曚症第 14 型,Leber congenital amaurosis 14,613341,613341
多症狀疾病,LRP2,Donnai-Barrow症候群,Donnai-Barrow syndrome,222448,222448
先天性代謝疾病,LRPPRC,細胞色素 c 氧化酶缺乏症,Cytochrome-c oxidase deficiency disease,220111,220111
免疫疾病,LYST,Chediak-Higashi 症候群,Chediak-Higashi syndrome,214500,214500
眼部與視覺疾病,MAK,視網膜色素變性第 62 型,Retinitis pigmentosa 62,614181,614181
先天性代謝疾病,MAN2B1,α-甘露糖儲積症,Alpha-mannosidosis,248500,248500
先天性代謝疾病,MANBA,β-甘露糖儲積症,Beta-mannosidosis,248510,248510
先天性代謝疾病,MCCC1,3-甲基巴豆醯輔酶 A 羧化酶 1 缺乏症,3-methylcrotonyl-CoA carboxylase 1 deficiency,210200,210200
先天性代謝疾病,MCCC2,3-甲基巴豆醯輔酶 A 羧化酶 2 缺乏症,3-methylcrotonyl-CoA carboxylase 2 deficiency,210210,210210
先天性代謝疾病,MCEE,甲基丙二酸單醯輔酶A異構酶缺乏症,Methylmalonyl-CoA epimerase deficiency,251120,251120
先天性代謝疾病,MCOLN1,黏脂質症第4型,Mucolipidosis type IV,252650,252650
腦部與神經疾病,MCPH1,體染色體隱性原發性小頭症第 1 型,"Microcephaly 1, primary, autosomal recessive",251200,251200
腦部與神經疾病,MECP2,雷特氏症候群,Rett syndrome,312750,312750
腦部與神經疾病,MECR,肌張力不全症合併視神經萎縮及基底核異常,"Dystonia, childhood-onset, with optic atrophy and basal ganglia abnormalities",617282,617282
腦部與神經疾病,MED17,產後進展性小頭畸形伴隨癲癇及腦萎縮,Postnatal progressive microcephaly withseizures and brain atrophy,613668,613668
免疫疾病,MEFV,家族性地中海熱,Familial mediterranean fever,249100,249100
骨骼疾病,MESP2,脊椎肋骨發育不全第 2 型,Spondylocostal dysostosis 2,608681,608681
腦部與神經疾病,MFSD8,神經元蠟樣脂褐質沉著疾病 7 型,Neuronal ceroid lipofuscinosis 7,610951,610951
多症狀疾病,MID1,Opitz GBBB 症候群,Opitz GBBB syndrome,300000,300000
多症狀疾病,MKKS,McKusick-Kaufman 症候群,Mckusick-Kaufman syndrome,236700,236700
多症狀疾病,MKS1,Meckel 症候群第 1 型,"Meckel syndrome, type 1",249000,249000
腦部與神經疾病,MLC1,巨腦性腦白質病伴有皮層下囊腫第 1 型,Megalencephalic leukoencephalopathy with subcortical cysts 1,604004,604004
先天性代謝疾病,MLYCD,丙二醯輔酶A脫羧酶缺乏症,Malonyl-CoA decarboxylase deficiency,248360,248360
先天性代謝疾病,MMAA,甲基丙二酸尿症 cblA 型,"Methylmalonic aciduria, cblA type",251100,251100
先天性代謝疾病,MMAB,甲基丙二酸尿症 cblB 型,"Methylmalonic aciduria, cblB type",251110,251110
先天性代謝疾病,MMACHC,甲基丙二酸尿症合併高胱胺酸尿症 cblC 型,Methylmalonic aciduria and homocystinuria type cblC,277400,277400
先天性代謝疾病,MMADHC,甲基丙二酸尿症合併高胱胺酸尿症 cblD 型,Methylmalonic aciduria and homocystinuria type cblD,277410,277410
先天性代謝疾病,MMUT,甲基丙二酸尿症-MMUT型,"Methylmalonic aciduria, MMUT-Related",251000,251000
先天性代謝疾病,MOCS1,鉬輔脢缺乏症 A 型,Molybdenum cofactor deficiency A,252150,252150
先天性代謝疾病,MOCS2,鉬輔脢缺乏症 B1 型,Molybdenum cofactor deficiency B1,252160,252160
先天性代謝疾病,MPI,先天性醣基化障礙第 1b 型,"Congenital disorder of glycosylation, type Ib",602579,602579
血液疾病,MPL,先天性巨核細胞缺乏血小板低下症,Congenital amegakaryocytic thrombocytopenia,604498,604498
先天性代謝疾病,MPV17,粒線體DNA耗竭症候群第 6 型(肝腦病變型),Mitochondrial dna depletion syndrome 6 (hepatocerebral type),256810,256810
腦部與神經疾病,MRE11,共濟失調性類微血管擴張症候群第 1 型,Ataxia-telangiectasia-like disorder 1,604391,604391
先天性代謝疾病,MTHFR,高胱胺酸尿症-MTHFR 缺乏,Homocystinuria due to MTHFR deficiency,236250,236250
肌肉疾病,MTM1,X 性聯遺傳肌小管病變,X-linked myotubular myopathy,310400,310400
腦部與神經疾病,MTMR2,Charcot-Marie-Tooth 氏症第 4B1 型,Charcot-Marie-Tooth disease type 4B1,601382,601382
先天性代謝疾病,MTR,高胱胺酸尿症 cblG 型,"Homocystinuria-megaloblastic anemia, cblG complementation type",250940,250940
耳部與聽覺疾病,MT-RNR1,氨基糖苷類藥物性耳聾,"Deafness, aminoglycoside-induced",580000,580000
先天性代謝疾病,MTRR,高胱胺酸尿症 cblE 型,"Homocystinuria-megaloblastic anemia, cblE type",236270,236270
先天性代謝疾病,MTTP,無β脂蛋白血症,Abetalipoproteinemia,200100,200100
肌肉疾病,MUSK,先天性肌無力症候群第 9 型,Congenital myasthenic syndrome 9,616325,616325
先天性代謝疾病,MVK,甲羥戊酸尿症,Mevalonic aciduria; Hyper-IgD syndrome,610377,610377
免疫疾病,MVK,高免疫球蛋白D症候群,Mevalonic aciduria; Hyper-IgD syndrome,260920,260920
耳部與聽覺疾病,MYO15A,體染色體隱性非症候群性聽力損失 3,Autosomal recessive nonsyndromic hearing loss 3,600316,600316
耳部與聽覺疾病,MYO7A,Usher 症候群第 1 型,Usher syndrome type 1,276900,276900
先天性代謝疾病,NAGA,α-N-乙醯半乳糖胺酶缺乏症,Alpha-N-acetylgalactosaminidase deficiency,609241,609241
先天性代謝疾病,NAGLU,黏多醣症第 3B 型,Mucopolysaccharidosis type 3B,252920,252920
先天性代謝疾病,NAGS,N-乙醯穀胺酸合成酶缺乏症,N-acetylglutamate synthase deficiency,237310,237310
免疫疾病,NBN,Nijmegen斷裂症候群,Nijmegen breakage syndrome,251260,251260
免疫疾病,NCF2,慢性肉芽腫病第 2 型,Chronic granulomatous disease 2,233710,233710
眼部與視覺疾病,NDP,Norrie 氏病,Norrie disease,310600,310600
腦部與神經疾病,NDRG1,Charcot-Marie-Tooth 氏症第 4D 型,Charcot-Marie-Tooth disease type 4D,601455,601455
先天性代謝疾病,NDUFAF2,粒線體複合體 1 缺乏症，核型 10,"Mitochondrial complex I deficiency, nuclear type 10",618233,618233
先天性代謝疾病,NDUFAF5,粒線體複合體 1 缺乏症，核型 16,"Mitochondrial complex 1 deficiency, nuclear type 16",618238,618238
先天性代謝疾病,NDUFS4,粒線體複合體 1 缺乏症，核型 1,"Mitochondrial complex I deficiency, nuclear type 1",252010,252010
先天性代謝疾病,NDUFS6,粒線體複合體 1 缺乏症，核型 9,"Mitochondrial complex I deficiency, nuclear type 9",618232,618232
先天性代謝疾病,NDUFS7,粒線體複合體 1 缺乏症，核型 3,"Mitochondrial complex I deficiency, nuclear type 3",618224,618224
先天性代謝疾病,NDUFV1,粒線體複合體 1 缺乏症，核型 4,"Mitochondrial complex 1 deficiency, nuclear type 4",618225,618225
肌肉疾病,NEB,線狀體肌肉病變第 2 型,Nemaline myopathy 2,256030,256030
先天性代謝疾病,NEU1,涎酸酵素缺乏症,Sialidosis,256550,256550
先天性代謝疾病,NGLY1,先天性去醣基化異常症第 1 型,Congenital disorder of deglycosylation 1,615273,615273
腦部與神經疾病,NHLRC1,Lafora進行性肌陣攣癲癇,Myoclonic epilepsy of Lafora 2,620681,620681
眼部與視覺疾病,NMNAT1,Leber先天性黑矇第9型,Leber congenital amaurosis 9,608553,608553
先天性代謝疾病,NPC1,尼曼匹克症 C1 型,"Niemann-pick disease, type C1",257220,257220
先天性代謝疾病,NPC2,尼曼匹克症 C2 型,"Niemann-pick disease, type C2",607625,607625
腦部與神經疾病,NPHP1,Joubert 症候群第 4 型,Joubert syndrome 4,609583,609583
腎臟泌尿疾病,NPHP1,腎消耗病第1型,Nephronophthisis 1,256100,256100
腎臟泌尿疾病,NPHP3,腎消耗病第3型,Nephronophthisis 3,604387,604387
多症狀疾病,NPHP3,Meckel症候群第7型,Meckel syndrome 7,267010,267010
腎臟泌尿疾病,NPHP4,腎消耗病第4型,Nephronophthisis 4,606966,606966
腎臟泌尿疾病,NPHP4,Senior-Løken症候群第4型,Senior-Loken syndrome 4,606996,606996
腎臟泌尿疾病,NPHS1,先天性腎病症候群第 1 型,"Nephrotic syndrome, type 1",256300,256300
腎臟泌尿疾病,NPHS2,腎病症候群第 2 型,"Nephrotic syndrome, type 2",600995,600995
內分泌疾病,NR0B1,X 性聯遺傳先天性腎上腺發育不良,X-linked congenital adrenal hypoplasia,300200,300200
消化疾病,NR1H4,進行性家族性肝內膽汁滯留症第5型,"Cholestasis, progressive familial intrahepatic, 5",617049,617049
眼部與視覺疾病,NR2E3,增強型S-圓錐症候群,Enhanced S-cone syndrome,268100,268100
免疫疾病,NSMCE3,肺部疾病、免疫缺乏和染色體斷裂症候群,"Lung disease, immunodeficiency, and chromosome breakage syndrome",617241,617241
肌肉疾病,NTRK1,遺傳性感覺及自律神經病變第 4 型,Hereditary sensory and autonomic neuropathy type 4,256800,256800
先天性代謝疾病,OAT,鳥胺酸酮酸轉胺酶缺乏症,Ornithine aminotransferase deficiency,258870,258870
皮膚與毛髮疾病,OCA2,眼睛皮膚白化症第 2 型,Oculocutaneous albinism type 2,203200,203200
腎臟泌尿疾病,OCRL,Dent氏病第 2 型,Dent disease 2,300555,300555
多症狀疾病,OCRL,Lowe氏症候群,Lowe syndrome,309000,309000
呼吸疾病,ODAD3,原發性纖毛運動障礙 30 型,Primary ciliary dyskinesia 30,616037,616037
先天性代謝疾病,OPA3,3-甲基戊烯二酸尿症第 3 型,3-methylglutaconic aciduria type 3,258501,258501
腦部與神經疾病,OPHN1,X 性聯遺傳智能障礙-小腦發育不全症候群,X-linked intellectual disability-cerebellar hypoplasia syndrome,300486,300486
骨骼疾病,OSTM1,體染色體隱性骨質石化症第 5 型,Autosomal recessive osteopetrosis 5,259720,259720
先天性代謝疾病,OTC,鳥胺酸氨甲醯基轉移酶缺乏症,Ornithine carbamoyltransferase deficiency,311250,311250
耳部與聽覺疾病,OTOA,體染色體隱性非症候群性聽力損失 22,Autosomal recessive nonsyndromic hearing loss 22,607039,607039
耳部與聽覺疾病,OTOF,體染色體隱性聽力損失,"Hearing loss, autosomal recessive",601071,601071
骨骼疾病,P3H1,成骨不全症第 8 型,Osteogenesis imperfecta type 8,610915,610915
先天性代謝疾病,PAH,苯酮尿症,Phenylketonuria,261600,261600
腦部與神經疾病,PAK3,X 性聯遺傳智能障礙第 30 型,"Intellectual disability, x-linked 30",300558,300558
腦部與神經疾病,PANK2,泛酸鹽激活酵素關聯之神經退化性疾病,Pantothenate kinase-associated neurodegeneration,234200,234200
先天性代謝疾病,PC,丙酮酸羧化酶缺乏症,Pyruvate carboxylase deficiency disease,266150,266150
先天性代謝疾病,PCBD1,BH4 缺乏型高苯丙胺酸血症 D 型,BH4-deficient hyperphenylalaninemia D,264070,264070
先天性代謝疾病,PCCA,丙酸血症,Propionic acidemia,606054,606054
先天性代謝疾病,PCCB,丙酸血症,Propionic acidemia,606054,606054
耳部與聽覺疾病,PCDH15,Usher 症候群第 1F 型,Usher syndrome type 1F,602083,602083
骨骼疾病,PCNT,原始侏儒症第 II 型,Microcephalic osteodysplastic primordial dwarfism type II,210720,210720
眼部與視覺疾病,PDE6A,視網膜色素變性第 43 型,Retinitis pigmentosa 43,613810,613810
眼部與視覺疾病,PDE6B,視網膜色素變性第 40 型,Retinitis pigmentosa-40,613801,613801
眼部與視覺疾病,PDE6C,視錐細胞失養症第 4 型,Cone dystrophy 4,613093,613093
先天性代謝疾病,PDHA1,丙酮酸鹽脫氫酶E1-alpha缺乏症,Pyruvate dehydrogenase E1-alpha deficiency,312170,312170
先天性代謝疾病,PDHB,丙酮酸鹽脫氫酶E1-beta缺乏症,Pyruvate dehydrogenase E1-beta deficiency,614111,614111
先天性代謝疾病,PEPD,脯胺酸酶缺乏症,Prolidase deficiency,170100,170100
先天性代謝疾病,PET100,粒線體複合體 4 缺乏症，核型 12,"Mitochondrial complex 4 deficiency, nuclear type 12",619055,619055
先天性代謝疾病,PEX1,過氧化物生成障礙疾病 1A (Zellweger 型),Peroxisome biogenesis disorder 1A (zellweger),214100,214100
先天性代謝疾病,PEX10,過氧化物生成障礙疾病 6A (Zellweger 型),Peroxisome biogenesis disorder 6A (zellweger),614870,614870
先天性代謝疾病,PEX12,過氧化物生成障礙疾病 3A (Zellweger 型),Peroxisome biogenesis disorder 3A (zellweger),614859,614859
先天性代謝疾病,PEX13,過氧化物生成障礙疾病 11A (Zellweger 型),Peroxisome biogenesis disorder 11A (zellweger),614883,614883
先天性代謝疾病,PEX16,過氧化物生成障礙疾病 8B,Peroxisome biogenesis disorder 8B,614877,614877
先天性代謝疾病,PEX2,過氧化物生成障礙疾病 5A (Zellweger 型),Peroxisome biogenesis disorder 5A (zellweger),614866,614866
先天性代謝疾病,PEX26,過氧化物生成障礙疾病 7B,Peroxisome biogenesis disorder 7B,614873,614873
先天性代謝疾病,PEX5,過氧化物生成障礙疾病 2A (Zellweger 型),Peroxisome biogenesis disorder 2A (zellweger),214110,214110
先天性代謝疾病,PEX6,過氧化物生成障礙疾病 4A (Zellweger 型),Peroxisome biogenesis disorder 4A (zellweger),614862,614862
先天性代謝疾病,PEX7,肢近端型點狀軟骨發育不良第 1 型,Rhizomelic chondrodysplasia punctata type 1,215100,215100
先天性代謝疾病,PFKM,肝醣貯積病第 VII 型,Glycogen storage disease VII,232800,232800
先天性代謝疾病,PGK1,磷酸甘油酸激酶1缺乏症,Phosphoglycerate kinase 1 deficiency,300653,300653
免疫疾病,PGM3,免疫缺乏症第 23 型,Immunodeficiency 23,615816,615816
腦部與神經疾病,PHF8,症候群性 X 性聯遺傳智能障礙 Siderius 型,Syndromic X-linked intellectual disability Siderius type,300263,300263
腦部與神經疾病,PHGDH,磷酸脫氫酶缺乏症,PHGDH deficiency,601815,601815
先天性代謝疾病,PHKB,肝醣貯積病第 IXb 型,Glycogen storage disease IXb,261750,261750
先天性代謝疾病,PHKG2,肝醣貯積病第 IXc 型,Glycogen storage disease IXc,613027,613027
先天性代謝疾病,PHYH,Refsum氏病,Refsum disease,266500,266500
腦部與神經疾病,PIGN,多發性先天異常-低張力-癲癇症候群第 1 型,Multiple congenital anomalies-hypotonia-seizures syndrome 1,614080,614080
耳部與聽覺疾病,PJVK,體染色體隱性聽力損失,"Hearing loss, autosomal recessive",610220,610220
腎臟泌尿疾病,PKHD1,體染色體隱性多囊腎病,Autosomal recessive polycystic kidney disease,263200,263200
腦部與神經疾病,PLA2G6,腦部鐵質沉積神經退化症 2A 型,Neurodegeneration with brain iron accumulation 2A,256600,256600
腦部與神經疾病,PLEKHG5,Charcot-Marie-Tooth 氏症隱性中間型 C,Charcot-Marie-Tooth disease recessive intermediate C,615376,615376
結締組織疾病,PLOD1,Ehlers-Danlos症候群-脊柱後側凸型,"Ehlers-Danlos syndrome, kyphoscoliotic type 1",225400,225400
腦部與神經疾病,PLP1,Pelizaeus-Merzbacher 病,Pelizaeus-Merzbacher disease,312080,312080
先天性代謝疾病,PMM2,先天性醣基化障礙第 1a 型,Congenital disorder of glycosylation type Ia,212065,212065
先天性代謝疾病,PNPO,吡哆胺 5'-磷酸氧化酶缺乏症,Pyridoxamine 5'-phosphate oxidase deficiency,610090,610090
先天性代謝疾病,POLG,粒線體DNA耗竭症候群第 4A 型,Mitochondrial DNA depletion syndrome 4A,203700,203700
先天性代謝疾病,POLG,進行性外眼肌麻痺,Progressive external ophthalmoplegia,258450,258450
皮膚與毛髮疾病,POLH,著色性乾皮症變異型,Xeroderma pigmentosum variant type,278750,278750
腦部與神經疾病,POLR1C,髓鞘形成不足型白質失養症第 11 型,Hypomyelinating leukodystrophy 11,616494,616494
腦部與神經疾病,POLR3A,髓鞘形成不良性白質營養不良第7型,"Leukodystrophy, hypomyelinating, 7, with or without oligodontia and/or hypogonadotropic hypogonadism",607694,607694
多症狀疾病,POLR3A,Wiedemann-Rautenstrauch症候群,Wiedemann-Rautenstrauch syndrome,264090,264090
肌肉疾病,POMGNT1,先天性肌肉失養症伴隨醣基化功能缺陷A3型（合併腦部與眼部異常）,"Muscular dystrophy-dystroglycanopathy (congenital with brain and eye anomalies), type A, 3",253280,253280
肌肉疾病,POMGNT1,先天性肌肉失養症伴隨醣基化功能缺陷B3型（合併智能發展障礙）,"Muscular dystrophy-dystroglycanopathy (congenital with impaired intellectual development), type B, 3",613151,613151
肌肉疾病,POMGNT1,肢帶型肌肉失養症伴隨醣基化功能缺陷C3型,"Muscular dystrophy-dystroglycanopathy (limb-girdle), type C, 3",613157,613157
眼部與視覺疾病,POMGNT1,視網膜色素變性第 76 型,Retinitis pigmentosa 76,617123,617123
肌肉疾病,POMT1,肌失養症-肌醇糖蛋白病變 A1 型,"Muscular dystrophy-dystroglycanopathy, type A1",236670,236670
肌肉疾病,POMT2,肌失養症-肌醇糖蛋白病變 A2 型,"Muscular dystrophy-dystroglycanopathy, type A2",613150,613150
內分泌疾病,POR,Antley-Bixler症候群合併生殖器異常及類固醇生成障礙,Antley-bixler syndrome with genital anomalies and disordered steroidogenesis,201750,201750
內分泌疾病,POU1F1,腦下垂體激素缺失症第 1 型,"Pituitary hormone deficiency, combined, 1",613038,613038
耳部與聽覺疾病,POU3F4,X 性聯遺傳聽力損失-POU3F4型,"X-linked hearing loss, POU3F4-related",304400,304400
腦部與神經疾病,PPT1,神經元蠟樣脂褐質沉著疾病 1 型,Neuronal ceroid lipofuscinosis 1,256730,256730
腦部與神經疾病,PQBP1,Renpenning 症候群,Renpenning syndrome,309500,309500
眼部與視覺疾病,PRCD,視網膜色素變性第 36 型,Retinitis pigmentosa 36,610599,610599
結締組織疾病,PRDM5,脆性角膜症候群第 2 型,Brittle cornea syndrome 2,614170,614170
免疫疾病,PRF1,家族性噬血球性淋巴組織球增多症第 2 型,Familial hemophagocytic lymphohistiocytosis 2,603553,603553
眼部與視覺疾病,PROM1,視網膜色素變性第41型,Retinitis pigmentosa 41,612095,612095
內分泌疾病,PROP1,腦下垂體激素缺失症第 2 型,"Pituitary hormone deficiency, combined, 2",262600,262600
耳部與聽覺疾病,PRPS1,X 性聯遺傳聽力損失-PRPS1型,"X-linked hearing loss, PRPS1-related",304500,304500
腦部與神經疾病,PSAP,Krabbe 氏症-Saposin A 缺乏,Krabbe disease due to saposin A deficiency,611722,611722
免疫疾病,PTPRC,免疫缺乏症第 105 型,Immunodeficiency 105,619924,619924
先天性代謝疾病,PTS,BH4 缺乏型高苯丙胺酸血症 A 型,BH4-deficient hyperphenylalaninemia A,261640,261640
先天性代謝疾病,PUS1,粒線體病變合併鐵粒幼紅細胞性貧血,Mitochondrial myopathy and sideroblastic anemia 1,600462,600462
先天性代謝疾病,PYGM,肝醣貯積病第 V 型,Glycogen storage disease V,232600,232600
先天性代謝疾病,QDPR,BH4 缺乏型高苯丙胺酸血症 C 型,BH4-deficient hyperphenylalaninemia C,261630,261630
多症狀疾病,RAB23,Carpenter症候群,Carpenter syndrome,201000,201000
免疫疾病,RAG1,Omenn 氏症候群,Omenn syndrome,603554,603554
免疫疾病,RAG2,Omenn 氏症候群,Omenn syndrome,603554,603554
肌肉疾病,RAPSN,先天性肌無力症候群第 11 型,Congenital myasthenic syndrome 11,616326,616326
腦部與神經疾病,RARS2,橋腦小腦發育不全第 6 型,Pontocerebellar hypoplasia type 6,611523,611523
眼部與視覺疾病,RAX,小眼球症第 3 型,"Microphthalmia, isolated 3",611038,611038
眼部與視覺疾病,RDH12,萊伯氏先天性黑曚症第 13 型,Leber congenital amaurosis 13,612712,612712
腦部與神經疾病,RELN,無腦迴症第2型,Lissencephaly 2 (Norman-Roberts type),257320,257320
眼部與視覺疾病,RLBP1,Bothnia 視網膜失養症,Bothnia retinal dystrophy,607475,607475
骨骼疾病,RMRP,軟骨-毛髮發育不全,Cartilage-hair hypoplasia,250250,250250
腦部與神經疾病,RNASEH2A,Aicardi-Goutières 症候群第 4 型,Aicardi-goutieres syndrome 4,610333,610333
腦部與神經疾病,RNASEH2B,Aicardi-Goutières 症候群第 2 型,Aicardi-goutieres syndrome 2,610181,610181
腦部與神經疾病,RNASEH2C,Aicardi-Goutières 症候群第 3 型,Aicardi-goutieres syndrome 3,610329,610329
腦部與神經疾病,ROBO3,家族性水平凝視麻痺併漸進性脊柱側彎第 1 型,"Gaze palsy, familial horizontal, with progressive scoliosis 1",607313,607313
眼部與視覺疾病,RP2,視網膜色素變性第 2 型,Retinitis pigmentosa 2,312600,312600
眼部與視覺疾病,RPE65,萊伯氏先天性黑曚症第 2 型,Leber congenital amaurosis 2,204100,204100
眼部與視覺疾病,RPE65,視網膜色素變性第 20 型,Retinitis pigmentosa 20,613794,613794
眼部與視覺疾病,RPGR,視網膜色素變性第 3 型,Retinitis pigmentosa 3,300029,300029
眼部與視覺疾病,RPGRIP1,Leber先天性黑矇第6型,Leber congenital amaurosis 6,613826,613826
多症狀疾病,RPGRIP1L,Meckel 症候群第 5 型,"Meckel syndrome, type 5",611561,611561
眼部與視覺疾病,RS1,X 性聯遺傳視網膜劈裂症,X-linked retinoschisis,312700,312700
血液疾病,RTEL1,體染色體隱性先天性角化不良症第 5 型,"Dyskeratosis congenita, autosomal recessive 5",615190,615190
肌肉疾病,RXYLT1,肌失養症-肌醇糖蛋白病變 A10 型,"Muscular dystrophy-dystroglycanopathy, type A, 10",615041,615041
肌肉疾病,RYR1,先天性多重核心肌病合併外眼肌麻痺,Congenital multicore myopathy with external ophthalmoplegia,255320,255320
腦部與神經疾病,SACS,Charlevoix-Saguenay 痙攣性共濟失調症,Charlevoix-saguenay spastic ataxia,270550,270550
皮膚與毛髮疾病,SAMD9,正常血磷家族性腫瘤鈣化症,Normophosphatemic familial tumoral calcinosis,610455,610455
腦部與神經疾病,SAMHD1,Aicardi-Goutières 症候群第 5 型,Aicardi-goutieres syndrome 5,612952,612952
血液疾病,SBDS,Shwachman-Diamond 症候群 1 型,Shwachman-Diamond syndrome 1,260400,260400
先天性代謝疾病,SCO2,致死性嬰兒期心腦肌病變第 1 型,"Cardioencephalomyopathy, fatal infantile, due to cytochrome c oxidase deficiency 1",604377,604377
血液疾病,SEC23B,先天性紅血球生成性貧血第 2 型,Congenital dyserythropoietic anemia type 2,224100,224100
眼部與視覺疾病,SEMA4A,視錐-視桿細胞失養症第10型,Cone-rod dystrophy 10,610283,610283
眼部與視覺疾病,SEMA4A,視網膜色素變性第 35 型,Retinitis pigmentosa 35,610282,610282
腦部與神經疾病,SEPSECS,橋腦小腦發育不全第 2D 型,Pontocerebellar hypoplasia type 2D,613811,613811
呼吸疾病,SERPINA1,Alpha-1 抗胰蛋白酶缺乏症,Alpha 1-antitrypsin deficiency,613490,613490
呼吸疾病,SFTPB,肺部表面張力素代謝異常第1型,"Surfactant metabolism dysfunction, pulmonary, 1",265120,265120
肌肉疾病,SGCA,肢帶型肌肉失養症第 2D 型,Limb-girdle muscular dystrophy type 2D,608099,608099
肌肉疾病,SGCB,肢帶型肌肉失養症第 2E 型,Limb-girdle muscular dystrophy type 2E,604286,604286
肌肉疾病,SGCD,肢帶型肌肉失養症第 2F 型,Limb-girdle muscular dystrophy type 2F,601287,601287
肌肉疾病,SGCG,肢帶型肌肉失養症第 2C 型,Limb-girdle muscular dystrophy type 2C,253700,253700
先天性代謝疾病,SGSH,黏多醣症第 3A 型,Mucopolysaccharidosis type 3A,252900,252900
腦部與神經疾病,SH3TC2,Charcot-Marie-Tooth 氏症第 4C 型,Charcot-Marie-Tooth disease type 4C,601596,601596
消化疾病,SKIC2,毛肝腸症候群第 2 型,Trichohepatoenteric syndrome 2,614602,614602
消化疾病,SKIC3,毛肝腸症候群第 1 型,Trichohepatoenteric syndrome 1,222470,222470
腎臟泌尿疾病,SLC12A1,Bartter氏症候群第 1 型,"Bartter syndrome, type 1",601678,601678
腎臟泌尿疾病,SLC12A3,Gitelman氏症候群,Gitelman syndrome,263800,263800
腦部與神經疾病,SLC12A6,胼胝體發育不全合併周邊神經病變,Agenesis of the corpus callosum with peripheral neuropathy,218000,218000
腦部與神經疾病,SLC16A2,Allan-Herndon-Dudley 症候群,Allan-Herndon-Dudley syndrome,300523,300523
腦部與神經疾病,SLC17A5,唾液酸儲存症,Sialic acid storage disorder,269920,269920
血液疾病,SLC19A2,硫胺素-巨母紅血球性貧血症候群,Thiamine-responsive megaloblastic anemia syndrome,249270,249270
腦部與神經疾病,SLC19A3,硫胺素(維生素 B1)代謝功能障礙症候群第 2 型,Thiamine metabolism dysfunction syndrome 2,607483,607483
腦部與神經疾病,SLC1A4,痙攣性四肢麻痺-薄胼胝體-產後進行性小頭症候群,Spastic tetraplegia-thin corpus callosum-progressive postnatal microcephaly syndrome,616657,616657
先天性代謝疾病,SLC22A5,原發性肉鹼缺乏症,Systemic primary carnitine deficiency disease,212140,212140
先天性代謝疾病,SLC25A13,瓜胺酸血症第 II 型,Citrullinemia type II,605814,605814
先天性代謝疾病,SLC25A15,高鳥氨酸-高血氨-高瓜胺酸綜合症候群,Hyperornithinemia-hyperammonemia-homocitrullinemia syndrome,238970,238970
先天性代謝疾病,SLC25A20,肉鹼轉位酶缺乏症,Carnitine-acylcarnitine translocase deficiency,212138,212138
骨骼疾病,SLC26A2,軟骨形成不全症第 IB 型,Achondrogenesis type IB,600972,600972
消化疾病,SLC26A3,先天性分泌性氯離子腹瀉第 1 型,Congenital secretory chloride diarrhea 1,214700,214700
耳部與聽覺疾病,SLC26A4,體染色體隱性非症候群性聽力損失 4,Autosomal recessive nonsyndromic hearing loss 4,600791,600791
皮膚與毛髮疾病,SLC27A4,魚鱗癬早產兒症候群,Ichthyosis prematurity syndrome,608649,608649
腦部與神經疾病,SLC35A3,自閉症類群障礙-癲癇-多發性關節攣縮症候群,Autism spectrum disorder - epilepsy - arthrogryposis syndrome,615553,615553
先天性代謝疾病,SLC37A4,肝醣貯積病第 Ib 型,Glycogen storage disease Ib,232220,232220
眼部與視覺疾病,SLC38A8,中央凹發育不全-視神經交叉缺陷-眼前段發育不全症候群,Foveal hypoplasia - optic nerve decussation defect - anterior segment dysgenesis syndrome,609218,609218
皮膚與毛髮疾病,SLC39A4,腸病性肢端皮膚炎,Acrodermatitis enteropathica,201100,201100
皮膚與毛髮疾病,SLC45A2,眼睛皮膚白化症第 4 型,Oculocutaneous albinism type 4,606574,606574
先天性代謝疾病,SLC46A1,遺傳性葉酸吸收不良,Hereditary folate malabsorption,229050,229050
眼部與視覺疾病,SLC4A11,眼角膜內皮細胞失養症,Corneal endothelial dystrophy,217700,217700
消化疾病,SLC51A,有機溶質轉運蛋白α缺乏症,"Cholestasis, progressive familial intrahepatic, 6",619484,619484
內分泌疾病,SLC5A5,甲狀腺素合成異常 1 型,Thyroid dyshormonogenesis 1,274400,274400
先天性代謝疾病,SLC6A19,Hartnup 病,Hartnup disease,234500,234500
腦部與神經疾病,SLC6A8,肌酸缺乏症候群,Creatine transporter deficiency,300352,300352
先天性代謝疾病,SLC7A7,離胺酸尿性蛋白質耐受不良症,Lysinuric protein intolerance,222700,222700
骨骼疾病,SMARCAL1,Schimke 免疫骨骼發育不良,Schimke immunoosseous dysplasia,242900,242900
先天性代謝疾病,SMPD1,尼曼匹克症 A 型,"Niemann-Pick disease, type A",257200,257200
先天性代謝疾病,SMPD1,尼曼匹克症 B 型,"Niemann-Pick disease, type B",607616,607616
多症狀疾病,SNAP29,Cednik 症候群,Cednik syndrome,609528,609528
眼部與視覺疾病,SPATA7,Leber先天性黑矇第3型；幼年型視網膜色素變性,Leber congenital amaurosis 3,604232,604232
腦部與神經疾病,SPG11,遺傳性痙攣性下身麻痺第 11 型,Hereditary spastic paraplegia 11,604360,604360
腦部與神經疾病,SPG7,遺傳性痙攣性下肢麻痺第 7 型,Hereditary spastic paraplegia 7,607259,607259
腦部與神經疾病,SPR,多巴胺反應性肌張力不全症,Dopa-responsive dystonia due to sepiapterin reductase deficiency,612716,612716
內分泌疾病,SRD5A2,"46, XY 性發展障礙-SRD5A2 型","46,XY disorder of sex development due to 5-alpha-reductase 2 deficiency",264600,264600
先天性代謝疾病,ST3GAL5,GM3 合成酶缺乏症,GM3 synthase deficiency,609056,609056
內分泌疾病,STAR,脂質先天性腎上腺發育不全,Lipoid congenital adrenal hyperplasia,201710,201710
免疫疾病,STX11,家族性噬血球性淋巴組織球增多症第 4 型,Familial hemophagocytic lymphohistiocytosis 4,603552,603552
免疫疾病,STXBP2,家族性噬血球性淋巴組織球增多症第 5 型,Familial hemophagocytic lymphohistiocytosis 5,613101,613101
先天性代謝疾病,SUMF1,多發性硫酸脂酶缺乏症,Multiple sulfatase deficiency,272200,272200
先天性代謝疾病,SUOX,亞硫酸鹽氧化酶缺乏症,Sulfite oxidase deficiency,272300,272300
先天性代謝疾病,SURF1,粒線體複合體 4 缺乏症，核型 1,"Mitochondrial complex IV deficiency, nuclear type 1",220110,220110
腦部與神經疾病,SURF1,Charcot-Marie-Tooth 氏症第 4K 型,"Charcot-Marie-Tooth disease, type 4K",616684,616684
腦部與神經疾病,SYN1,X染色體性聯遺傳癲癇伴隨多樣性學習障礙,X-linked epilepsy with variable learning disabilities and behavior disorders,300491,300491
耳部與聽覺疾病,SYNE4,體染色體隱性非症候群性聽力損失 76,Autosomal recessive nonsyndromic hearing loss 76,615540,615540
先天性代謝疾病,TAFAZZIN,巴氏症候群,Barth syndrome,302060,302060
先天性代謝疾病,TANGO2,復發性代謝性腦肌病危象-橫紋肌溶解-心律不整-智能障礙症候群,Recurrent metabolic encephalomyopathic crises-rhabdomyolysis-cardiac arrhythmia-intellectual disability syndrome,616878,616878
先天性代謝疾病,TAT,高酪胺酸血症第 II 型,Tyrosinemia type II,276600,276600
多症狀疾病,TBC1D24,DOORS症候群,DOORS syndrome,220500,220500
腦部與神經疾病,TBC1D24,早發性癲癇性腦病變第16型,Developmental and epileptic encephalopathy 16,615338,615338
腦部與神經疾病,TBCD,早發性進行性彌漫性腦萎縮-小頭症-肌無力-視神經萎縮症候群,Early-onset progressive diffuse brain atrophy-microcephaly-muscle weakness-optic atrophy syndrome,617193,617193
內分泌疾病,TBCE,副甲狀腺功能低下症併智能發展遲緩和發育異常症候群,Hypoparathyroidism-retardation-dysmorphism syndrome,241410,241410
骨骼疾病,TCIRG1,體染色體隱性骨質石化症,Autosomal recessive osteopetrosis,259700,259700
先天性代謝疾病,TCN2,轉鈷胺素 II 缺乏症,Transcobalamin II deficiency,275350,275350
腦部與神經疾病,TECPR2,遺傳性痙攣性下肢麻痺第 49 型,Hereditary spastic paraplegia 49,615031,615031
耳部與聽覺疾病,TECTA,遺傳性聽損第21型；遺傳性聽損第12型,"Deafness, autosomal recessive 21",603629,603629
耳部與聽覺疾病,TECTA,遺傳性聽損第21型；遺傳性聽損第12型,"Deafness, autosomal dominant 8/12",601543,601543
血液疾病,TERT,體染色體隱性先天性角化不良症第 4 型,"Dyskeratosis congenita, autosomal recessive 4",613989,613989
血液疾病,TF,先天性無運鐵蛋白症,Atransferrinemia,209300,209300
血液疾病,TFR2,血色素沉著症第 3 型,Hemochromatosis type 3,604250,604250
內分泌疾病,TG,甲狀腺素合成異常 3 型,Thyroid dyshormonogenesis 3,274700,274700
皮膚與毛髮疾病,TGM1,體染色體隱性先天性魚鱗癬第 1 型,Autosomal recessive congenital ichthyosis 1,242300,242300
腦部與神經疾病,TH,Segawa症候群,Segawa syndrome,605407,605407
腦部與神經疾病,THOC2,X 性聯遺傳智能障礙-身材矮小-體重過重症候群,X-linked intellectual disability-short stature-overweight syndrome,300957,300957
消化疾病,TJP2,進行性家族性肝內膽汁滯留症第4型,"Cholestasis, progressive familial intrahepatic 4",615878,615878
消化疾病,TJP2,家族性高膽汁酸血症第1型,"Hypercholanemia, familial 1",607748,607748
先天性代謝疾病,TK2,粒線體DNA耗竭症候群第 2 型(肌肉病變型),Mitochondrial DNA depletion syndrome 2 (myopathic type),609560,609560
耳部與聽覺疾病,TMC1,體染色體隱性非症候群性聽力損失 7,Autosomal recessive nonsyndromic hearing loss 7,600974,600974
腦部與神經疾病,TMEM216,Joubert 症候群第 2 型,Joubert syndrome 2,608091,608091
腦部與神經疾病,TMEM67,COACH 症候群第 1 型,COACH syndrome 1,216360,216360
多症狀疾病,TMEM67,Meckel 症候群第 3 型,"Meckel syndrome, type 3",607361,607361
腦部與神經疾病,TMEM67,Joubert氏症候群第 6 型,Joubert syndrome 6,610688,610688
耳部與聽覺疾病,TMPRSS3,體染色體隱性非症候群性聽力損失 8,Autosomal recessive nonsyndromic hearing loss 8,601072,601072
結締組織疾病,TNXB,Ehlers-Danlos症候群,Ehlers-Danlos syndrome due to tenascin-X deficiency,606408,606408
內分泌疾病,TPO,甲狀腺素合成異常 2A 型,Thyroid dyshormonogenesis 2A,274500,274500
腦部與神經疾病,TPP1,神經元蠟樣脂褐質沉著疾病 2 型,Neuronal ceroid lipofuscinosis 2,204500,204500
心血管疾病,TRDN,兒茶酚胺敏感性多形性室性心搏過速(CPVT)第 5 型,Catecholaminergic polymorphic ventricular tachycardia 5,615441,615441
腦部與神經疾病,TREX1,Aicardi-Goutières 症候群第 1 型,Aicardi-goutieres syndrome 1,225750,225750
肌肉疾病,TRIM32,肢帶型肌肉失養症第 2H 型,Limb-girdle muscular dystrophy type 2H,254110,254110
多症狀疾病,TRIM37,Mulibrey 侏儒症,Mulibrey nanism,253250,253250
骨骼疾病,TRIP11,軟骨發生不全症第1A型,"Achondrogenesis, type IA",200600,200600
骨骼疾病,TRIP11,牙齒軟骨發育不良症第1型,Odontochondrodysplasia 1,184260,184260
先天性代謝疾病,TRMU,嬰兒暫時性肝衰竭,"Liver failure, transient infantile",613070,613070
眼部與視覺疾病,TRPM1,先天性靜止性夜盲症第1C型,"Night blindness, congenital stationary (complete), 1C, autosomal recessive",613216,613216
腦部與神經疾病,TSEN54,橋腦小腦發育不全第 2 型,Pontocerebellar hypoplasia type 2,277470,277470
先天性代謝疾病,TSFM,氧化磷酸化缺失症第 3 型,Combined oxidative phosphorylation deficiency 3,610505,610505
內分泌疾病,TSHB,先天性甲狀腺低功能症-TSHB型,"Hypothyroidism, congenital, nongoitrous 4",275100,275100
內分泌疾病,TSHR,先天性甲狀腺機能低下症-TSHR型,"Hypothyroidism, congenital, nongoitrous, 1",275200,275200
肌肉疾病,TTN,體染色體隱性遺傳肢帶型肌肉失養症第10型,"Muscular dystrophy, limb-girdle, autosomal recessive 10",608807,608807
腦部與神經疾病,TTPA,維他命E缺乏共濟失調症,Ataxia with isolated vitamin E deficiency,277460,277460
眼部與視覺疾病,TULP1,萊伯氏先天性黑曚症第 15 型,Leber congenital amaurosis 15,613843,613843
眼部與視覺疾病,TULP1,視網膜色素變性第 14 型,Retinitis pigmentosa 14,600132,600132
先天性代謝疾病,TYMP,粒線體DNA耗竭症候群第 1 型 (MNGIE型),Mitochondrial DNA depletion syndrome 1 (MNGIE type),603041,603041
皮膚與毛髮疾病,TYR,眼睛皮膚白化症第 1a 型,Oculocutaneous albinism type 1a,203100,203100
皮膚與毛髮疾病,TYRP1,眼睛皮膚白化症第 3 型,Oculocutaneous albinism type 3,203290,203290
多症狀疾病,UBR1,Johanson-Blizzard 症候群,Johanson-Blizzard syndrome,243800,243800
先天性代謝疾病,UGT1A1,Crigler-Najjar 症候群第I型,"Crigler-Najjar syndrome, type I",218800,218800
先天性代謝疾病,UGT1A1,Crigler-Najjar 症候群第II型,"Crigler-Najjar syndrome, type II",606785,606785
先天性代謝疾病,UGT1A1,Gilbert 症候群,Gilbert syndrome,143500,143500
免疫疾病,UNC13D,家族性噬血球性淋巴組織球增多症第 3 型,Familial hemophagocytic lymphohistiocytosis 3,608898,608898
腦部與神經疾病,UPF3B,X 性聯遺傳智能障礙合併類馬凡氏體態,X-linked intellectual disability with marfanoid habitus,300676,300676
耳部與聽覺疾病,USH1C,Usher 症候群第 1C 型,Usher syndrome type 1C,276904,276904
耳部與聽覺疾病,USH1G,Usher 症候群第 1G 型,Usher syndrome type 1G,606943,606943
耳部與聽覺疾病,USH2A,Usher 症候群第 2A 型,Usher syndrome type 2A,276901,276901
骨骼疾病,VDR,維生素 D 依賴性佝僂症第 2A 型,"Vitamin D-dependent rickets, type 2A",277440,277440
腦部與神經疾病,VLDLR,小腦運動失調、智能障礙和平衡失調症候群第 1 型,"Cerebellar ataxia, intellectual disability, and dysequilibrium syndrome 1",224050,224050
腦部與神經疾病,VPS11,髓鞘形成不足型白質失養症第 12 型,Hypomyelinating leukodystrophy 12,616683,616683
腦部與神經疾病,VPS13A,舞蹈症-棘紅細胞增多症,Chorea-acanthocytosis,200150,200150
多症狀疾病,VPS13B,科恩氏症候群,Cohen syndrome,216550,216550
免疫疾病,VPS45,先天性嗜中性白血球減少症-骨髓纖維化-腎腫大症候群,Congenital neutropenia-myelofibrosis-nephromegaly syndrome,615285,615285
腦部與神經疾病,VPS53,橋腦小腦發育不全第 2E 型,Pontocerebellar hypoplasia type 2E,615851,615851
腦部與神經疾病,VRK1,橋腦小腦發育不全第 1A 型,Pontocerebellar hypoplasia type 1A,607596,607596
眼部與視覺疾病,VSX2,小眼球症第 2 型,"Microphthalmia, isolated 2",610093,610093
免疫疾病,WAS,Wiskott-Aldrich氏症候群,Wiskott-Aldrich syndrome,301000,301000
免疫疾病,WAS,血小板缺乏症第 1 型,Thrombocytopenia 1,313900,313900
免疫疾病,WAS,嚴重先天性嗜中性白血球低下症,Severe congenital neutropenia,300299,300299
腎臟泌尿疾病,WDR19,腎消耗病第 13 型,Nephronophthisis 13,614377,614377
腎臟泌尿疾病,WDR19,Senior-Løken症候群第 8 型,Senior-Loken syndrome 8,616307,616307
骨骼疾病,WDR19,短肋胸廓發育不良第 5 型,Short-rib thoracic dysplasia 5 with or without polydactyly,614376,614376
內分泌疾病,WFS1,Wolfram症候群第1型,Wolfram syndrome 1,222300,222300
耳部與聽覺疾病,WHRN,Usher 症候群第 2D 型,Usher syndrome type 2D,611383,611383
皮膚與毛髮疾病,WNT10A,外胚層發育不良症,Odontoonychodermal dysplasia,257980,257980
皮膚與毛髮疾病,WNT10A,Schopf-Schulz-Passarge 症候群,Schopf-Schulz-Passarge syndrome,224750,224750
多症狀疾病,WRN,Werner 症候群 (成人型早老症),Werner syndrome,277700,277700
皮膚與毛髮疾病,XPA,著色性乾皮症 A 型,Xeroderma pigmentosum group A,278700,278700
皮膚與毛髮疾病,XPC,著色性乾皮症 C 型,Xeroderma pigmentosum group C,278720,278720
免疫疾病,ZBTB24,免疫缺陷-著絲粒不穩定-臉部異常症候群第 2 型,Immunodeficiency-centromeric instability-facial anomalies syndrome 2,614069,614069
腦部與神經疾病,ZDHHC9,症候群性 X 性聯遺傳智能障礙 Raymond 型,Syndromic X-linked intellectual disability Raymond type,300799,300799
腦部與神經疾病,ZFYVE26,遺傳性痙攣性下肢麻痺第 15 型,Hereditary spastic paraplegia 15,270700,270700
結締組織疾病,ZNF469,脆性角膜症候群第 1 型,Brittle cornea syndrome 1,229200,229200
腦部與神經疾病,ZNF711,X 性聯遺傳智能障礙第 97 型,"Intellectual disability, x-linked 97",300803,300803
肌肉疾病,SMN1,,Spinal Muscular Atrophy,253300,253300
